Source,Date,Tweet Text,Compound,Positive,Neutral,Negative,Tweets Ago
@BBC,Mon Jun 18 20:58:38 +0000 2018,"RT @BBCOne: This. Will. Hurt.

@IdrisElba returns as the inimitable DCI #Luther. Coming soon to @BBCOne. https://t.co/FO9GM9yurk",-0.5267,0.0,0.825,0.175,0
@BBC,Mon Jun 18 20:02:04 +0000 2018,"Monologues inspired by women who have spoken out, challenged the status quo or made a stand - often at great person‚Ä¶ https://t.co/kkpLMaYB7X",0.7845,0.284,0.661,0.054,1
@BBC,Mon Jun 18 18:02:04 +0000 2018,"üéß‚ù§Ô∏è Casey dreams of one day playing in Ibiza. 
(via @BBCThree) https://t.co/sxEqTuiekr",0.5423,0.31,0.69,0.0,2
@BBC,Mon Jun 18 16:16:09 +0000 2018,"Tonight, @GaryLineker introduces live coverage from the #WorldCup as England take on Africa's highest-ranked team.‚Ä¶ https://t.co/qGO8XWrMsB",0.0,0.0,1.0,0.0,3
@BBC,Mon Jun 18 16:02:03 +0000 2018,"‚úä @StaceyDooley investigates the changing face of women's protests. 
#HearHer https://t.co/77aW9jzlE0",-0.2263,0.0,0.826,0.174,4
@BBC,Mon Jun 18 15:35:49 +0000 2018,RT @bbcrb: Thank goodness a psychic alpaca has predicted tonight's result. We just couldn't bear the intrigue any longer... üòÇÔ∏è‚öΩÔ∏èüè¥Û†ÅßÛ†Å¢Û†Å•Û†ÅÆÛ†ÅßÛ†Åø htt‚Ä¶,0.6705,0.234,0.766,0.0,5
@BBC,Mon Jun 18 15:32:42 +0000 2018,"RT @BBCiPlayer: In 1968, one determined factory worker led her colleagues out on strike for equal pay and better working conditions. 
#Made‚Ä¶",0.5267,0.202,0.687,0.111,6
@BBC,Mon Jun 18 15:32:33 +0000 2018,"RT @BBCOne: To celebrate 70 years of the NHS, @StaceyDooley and @JonniePeacock join a team of celebs to get first-hand experience at one of‚Ä¶",0.7096,0.219,0.781,0.0,7
@BBC,Mon Jun 18 15:28:37 +0000 2018,"RT @bbcthree: This 13-year-old made an app to help disabled people find accessible services. 

Watch more Solutions Lab here: https://t.co/‚Ä¶",0.5709,0.207,0.793,0.0,8
@BBC,Mon Jun 18 14:52:52 +0000 2018,"RT @BBCSport: Brilliant üòÇ

National Grid is preparing for a power surge equivalent to 23 million fridge doors opening at once at half-time‚Ä¶",0.5859,0.16,0.84,0.0,9
@BBC,Mon Jun 18 13:03:06 +0000 2018,"üé® What Picasso's Kitchen reveals about his art.
üëâ https://t.co/f60bZFnAiv https://t.co/b1xirRNFMC",0.0,0.0,1.0,0.0,10
@BBC,Mon Jun 18 12:03:05 +0000 2018,ü§£üêê This look relaxing to you? https://t.co/v5JwLDN3wm,0.4939,0.348,0.652,0.0,11
@BBC,Mon Jun 18 11:35:41 +0000 2018,"RT @BBCBreakfast: üí™ Another win in the battle against plastic straws! 
#plastic #plasticstraws https://t.co/VsJ7Co4gXU",0.3595,0.231,0.622,0.147,12
@BBC,Mon Jun 18 11:27:11 +0000 2018,"RT @BBC100women: Recently discovered letters written by Emmeline Pankhurst shed new light on the suffragette and her campaign to help the ""‚Ä¶",0.4019,0.114,0.886,0.0,13
@BBC,Mon Jun 18 11:03:06 +0000 2018,üéæ Sue Barker hosts live coverage of the opening day of the Championships from the famous Queen's Club in west Londo‚Ä¶ https://t.co/KaUoUWXRTE,0.4939,0.138,0.862,0.0,14
@BBC,Mon Jun 18 10:49:28 +0000 2018,"RT @BBCEngland: After more than 50 years of ""hurt"" could this be England's World Cup?  The answer lies with Gareth Southgate's 23-man squad‚Ä¶",-0.4215,0.0,0.887,0.113,15
@BBC,Mon Jun 18 10:46:18 +0000 2018,RT @bbcpress: #CBeebiesRadio presents four stories based on the real life experiences of refugee families and told from the perspectives of‚Ä¶,0.0,0.0,1.0,0.0,16
@BBC,Mon Jun 18 09:47:14 +0000 2018,üêîüöö A stowaway hen found itself on a real-life Chicken Run when it hitched a ride out of its farm on a supermarket l‚Ä¶ https://t.co/U5dqv2LxvB,0.0,0.0,1.0,0.0,17
@BBC,Mon Jun 18 08:43:27 +0000 2018,RT @BBCOne: ‚ÄúAt the end of the year I will have been chairing Question Time for a quarter of a century and I have decided that this is the‚Ä¶,0.0,0.0,1.0,0.0,18
@BBC,Mon Jun 18 08:01:04 +0000 2018,"Recognise this font?

üò¢ There's quite a story behind it. https://t.co/B0iGW2GvnP",0.0,0.0,1.0,0.0,19
@BBC,Mon Jun 18 07:26:04 +0000 2018,"ü¶ê How a delicious crustacean could hold the key to reducing the pollution clogging up our oceans. 
üëâ‚Ä¶ https://t.co/n4mxP9T3cv",0.5719,0.188,0.812,0.0,20
@BBC,Mon Jun 18 07:02:02 +0000 2018,üåäü§î Imagining a future where we all live at sea. https://t.co/Twfeur95S9,0.0,0.0,1.0,0.0,21
@BBC,Sun Jun 17 19:03:04 +0000 2018,"Discover the history of one of the toughest jobs in sport - the England football manager. Ô∏è‚öΩÔ∏è

Managing England: Th‚Ä¶ https://t.co/JgEgXkIHBZ",-0.0772,0.0,0.936,0.064,22
@BBC,Sun Jun 17 18:04:07 +0000 2018,Robert Lee quit his well paid Wall Street job to feed the homeless. https://t.co/2Db5mb9tJt,0.2732,0.139,0.861,0.0,23
@BBC,Sun Jun 17 17:15:57 +0000 2018,"RT @5liveSport: 1990 ‚ùå
2002 ‚ùå
2014 ‚ùå
2018 ‚ùå

In four of the last eight World Cups, the holders have lost their opening game!

üìªüì± ‚öΩÔ∏è https:/‚Ä¶",-0.3802,0.0,0.899,0.101,24
@BBC,Sun Jun 17 17:02:05 +0000 2018,"The story of a 13-year-old girl who dreams of becoming the first female eagle hunter in Mongolia. ü¶Ö

Storyville: Ea‚Ä¶ https://t.co/Alhp6nEWOS",0.4019,0.13,0.87,0.0,25
@BBC,Sun Jun 17 16:03:05 +0000 2018,"üíî One in five British mammals are at risk of extinction, according to new research.
üëâ https://t.co/dbNfpmAiv2 https://t.co/RqqYh707C1",-0.2732,0.0,0.877,0.123,26
@BBC,Sun Jun 17 15:04:05 +0000 2018,"üê∂‚ù§Ô∏èüê• #FatherOfTheYear goes to Fred the Labrador, who became 'dad' to nine beautiful ducklings after their mother di‚Ä¶ https://t.co/7Gppj7yPLB",0.5994,0.178,0.822,0.0,27
@BBC,Sun Jun 17 14:05:04 +0000 2018,‚ù§Ô∏è Celebrating #FathersDay when your father is no longer around. https://t.co/4ot2AjuTbf,0.3612,0.248,0.604,0.148,28
@BBC,Sun Jun 17 13:02:10 +0000 2018,üòç ‚òÅÔ∏è A beautiful phenomenon caught on film.  https://t.co/wz6CUbJDR1,0.5994,0.394,0.606,0.0,29
@BBC,Sun Jun 17 12:04:03 +0000 2018,"üòÇüî• Nothing says #HappyFathersDay like a good, old-fashioned roasting from your daughter. https://t.co/0dqwntX5uj",0.6597,0.351,0.649,0.0,30
@BBC,Sun Jun 17 11:19:22 +0000 2018,"RT @BBCOne: Which dad is your dad? (Ours is defo Nature Dad!) 
#HappyFathersDay #FathersDay https://t.co/vFZoJL13e1",0.0,0.0,1.0,0.0,31
@BBC,Sun Jun 17 11:03:02 +0000 2018,üì∑üòç This field of poppies in the Black Country has been inspiring local photographers. https://t.co/bK8iEUueEa,0.4215,0.167,0.833,0.0,32
@BBC,Sun Jun 17 10:02:04 +0000 2018,üëöüëñ The community launderette inspired by the 'saint of the slums'. https://t.co/NtL6CaTeZQ,0.4939,0.225,0.775,0.0,33
@BBC,Sun Jun 17 09:04:06 +0000 2018,"üò≠‚úä#DadGoals with former F1 driver @RuBarrichello. 
#FathersDay https://t.co/77GfG51TSO",0.0,0.0,1.0,0.0,34
@BBC,Sun Jun 17 08:01:10 +0000 2018,üì∏üöò A playful look at Mexico's enduring love affair with one of the most recognisable cars in automotive history fro‚Ä¶ https://t.co/yWoolKb5p4,0.7964,0.283,0.717,0.0,35
@BBC,Sun Jun 17 07:49:56 +0000 2018,"RT @bbcdoctorwho: Happy birthday to Jodie Whittaker, the Thirteenth Doctor!üéÅüéâ #DoctorWho https://t.co/TNi3zHjsHG",0.6114,0.266,0.734,0.0,36
@BBC,Sun Jun 17 07:49:43 +0000 2018,RT @BBCFood: How about this MEGA breakfast for Dad this morning? üëç https://t.co/2jakwwsVun https://t.co/qyfcI76vm9,0.0,0.0,1.0,0.0,37
@BBC,Sun Jun 17 07:49:39 +0000 2018,"RT @CBeebiesHQ: The incredibly complicated Kick song lyrics. 

You ask, we deliver üëç

 @HEYDUGGEE 

#WorldCup2018 

#ENGTUN

#FifaWorldCup2‚Ä¶",0.0,0.0,1.0,0.0,38
@BBC,Sun Jun 17 07:00:21 +0000 2018,"Happy #FathersDay!

üï∫üëèüòÑ We dare you to watch these dads dance with their babies without smiling! https://t.co/XCJaqcts7A",0.4222,0.197,0.689,0.114,39
@BBC,Sat Jun 16 19:02:02 +0000 2018,"Tonight, @KirstyWark and @Mr_Mansaray go behind the scenes at @royalacademy. 

Royal Academy Summer Exhibition | 9p‚Ä¶ https://t.co/P44CCk109J",0.0,0.0,1.0,0.0,40
@BBC,Sat Jun 16 18:59:57 +0000 2018,"RT @bbctms: Australia. Oh dear. 

Football ‚ùå
Rugby ‚ùå
Cricket ‚ùå

#bbccricket https://t.co/6ScQ5Gw1c8",0.3818,0.224,0.776,0.0,41
@BBC,Sat Jun 16 18:58:25 +0000 2018,RT @BBCMOTD: Iceland are making #worldcup history... and they're taking everyone along with them!  https://t.co/XIVT8Sij16 #bbcworldcup #AR‚Ä¶,0.0,0.0,1.0,0.0,42
@BBC,Sat Jun 16 18:04:02 +0000 2018,"üòÇüõÅ If you think cleaning your bath is a pain, please spare a thought for these guys! https://t.co/aIpja4kCyJ",-0.3164,0.116,0.704,0.181,43
@BBC,Sat Jun 16 17:15:03 +0000 2018,üòÅ Russian workers have been getting ready for the #WorldCup by learning how to smile more.  https://t.co/Qv9BoVmX25,0.6124,0.263,0.737,0.0,44
@BBC,Sat Jun 16 16:32:01 +0000 2018,"An astonishing journey revealing the awesome power of the natural world. üåçüêùüê¶

Earth: One Amazing Day | 6:30pm |‚Ä¶ https://t.co/E7ivezQMWU",0.886,0.394,0.606,0.0,45
@BBC,Sat Jun 16 16:06:02 +0000 2018,‚ù§Ô∏è There's a magical quality to children that gets through to the person behind the dementia diagnosis. https://t.co/ONNwNsRTAx,0.0,0.0,1.0,0.0,46
@BBC,Sat Jun 16 15:52:37 +0000 2018,RT @bbcthree: Imagine waking up one morning and you've lost the ability to speak or move your hands. https://t.co/NvcizyjNox,0.0,0.106,0.787,0.106,47
@BBC,Sat Jun 16 15:03:07 +0000 2018,"Scientists have been shocked by the mysterious deaths of ancient African baobab trees, which may live hundreds if n‚Ä¶ https://t.co/pXM5lK7GRK",-0.3182,0.0,0.892,0.108,48
@BBC,Sat Jun 16 14:06:05 +0000 2018,üë£üåé Did you know that our feet will walk more than four times around the world during an average lifetime? https://t.co/p7AwONQNGW,0.0,0.0,1.0,0.0,49
@BBC,Sat Jun 16 12:01:05 +0000 2018,"From lemon yoghurt to strawberry and banana: these are the easiest ice creams to make with your kids. üç¶üçãüçìü•Ñ

üëâ‚Ä¶ https://t.co/neqUgrR7VC",0.4215,0.123,0.877,0.0,50
@BBC,Sat Jun 16 11:01:03 +0000 2018,We think we've found Wally... üòÇhttps://t.co/StERHqQurb,0.0,0.0,1.0,0.0,51
@BBC,Sat Jun 16 10:05:05 +0000 2018,"'If I'd failed, it would have set women back generations.'

Meet Jo Reynolds, the UK's first female firefighter.‚Ä¶ https://t.co/PFmp62j8Yh",-0.5106,0.0,0.845,0.155,52
@BBC,Sat Jun 16 09:01:05 +0000 2018,"ü•¶‚òïÔ∏è Broccoli coffee is the new health trend nobody asked for...
üëâ https://t.co/fWo8kZDN1A https://t.co/liWZ9jp0jp",0.0,0.0,1.0,0.0,53
@BBC,Sat Jun 16 08:44:09 +0000 2018,"RT @BBCSport: #PORESP was absolutely unbelievable! üòç

 #WorldCup #bbcworldcup https://t.co/ALW30zBPsY",0.3367,0.23,0.77,0.0,54
@BBC,Sat Jun 16 08:44:03 +0000 2018,"RT @BBCNews: US child migrants: 2,000 separated from families in six weeks https://t.co/RFFjghf3sA",0.0,0.0,1.0,0.0,55
@BBC,Sat Jun 16 08:43:55 +0000 2018,"RT @CBeebiesHQ: üö®New Presenter Alert üö®

Please join us in welcoming our new presenter!

Evie üíÅüèª

Wish her the best of luck üôåüèΩ‚ú®

#CBeebiesHo‚Ä¶",0.9571,0.553,0.447,0.0,56
@BBC,Sat Jun 16 08:43:44 +0000 2018,RT @BBCScotlandNews: Major fire ravages Glasgow School of Art Mackintosh Building https://t.co/R0jsiyPvFV,-0.34,0.0,0.821,0.179,57
@BBC,Sat Jun 16 08:01:08 +0000 2018,Colourful flags have appeared across London's West End as the @RoyalAcademy celebrates its 250th anniversary.‚Ä¶ https://t.co/fT7gXLbeAE,0.5719,0.198,0.802,0.0,58
@BBC,Sat Jun 16 07:04:07 +0000 2018,"üê∫üèîüå≤üéß
Not quite ready to wake up yet? 

Sit back, close your eyes and listen to the incredible sounds of Alaska... https://t.co/oxXS1KWHKW",0.4201,0.117,0.883,0.0,59
@BBC,Fri Jun 15 18:04:07 +0000 2018,üòÇ Yer maw + technology = carnage https://t.co/nYbvEqad99,0.0,0.0,1.0,0.0,60
@BBC,Fri Jun 15 17:02:02 +0000 2018,"üìªüìöüéß Listen to @BBCRadio4's serialisation of Margaret Atwood's novel set in a world of women under oppression. 

The‚Ä¶ https://t.co/jaYFlRtztE",0.3182,0.119,0.881,0.0,61
@BBC,Fri Jun 15 16:28:04 +0000 2018,üåäüåã Watch what happens when molten lava from Hawaii's Kilauea volcano meets the sea ‚Äî what looks like steam is actua‚Ä¶ https://t.co/5VbSwmFWw7,0.3612,0.111,0.889,0.0,62
@BBC,Fri Jun 15 16:01:00 +0000 2018,When you remember that you get a lie in tomorrow... üéâüòÇ#FridayFeeling @george_ezra https://t.co/if2tZARVXc,0.0,0.0,1.0,0.0,63
@BBC,Fri Jun 15 15:51:09 +0000 2018,"RT @bbcwritersroom: Attention #writers Studio Sitcom needs YOU!
Check out a great new post on our blog from one of our #comedy #script read‚Ä¶",0.6588,0.166,0.834,0.0,64
@BBC,Fri Jun 15 15:50:52 +0000 2018,RT @BBCWomansHour: üíö What do you love about Dads? @F_of_Daughters shares some top tips about how to be a great father and the kind of role‚Ä¶,0.9062,0.381,0.619,0.0,65
@BBC,Fri Jun 15 15:42:32 +0000 2018,"üê∑üîÆ Mystic Marcus - a pig with 'special powers',  has chosen the four nations that will reach the #WorldCup semi-fin‚Ä¶ https://t.co/jEpvpVBx0m",0.4215,0.183,0.817,0.0,66
@BBC,Fri Jun 15 15:19:45 +0000 2018,"RT @BBCRadio1PR: Our @BBCR1 family are excited to kick off the weekend vibes tomorrowüéâwake up to @dev_101 &amp; @Alicelevine,dance to the Great‚Ä¶",0.34,0.103,0.897,0.0,67
@BBC,Fri Jun 15 15:13:04 +0000 2018,"üíî EastEnders actor Leslie Grantham, best known as the roguish ""Dirty"" Den Watts in the BBC One soap, has died aged‚Ä¶ https://t.co/PUCal4HD7p",0.1531,0.157,0.709,0.134,68
@BBC,Fri Jun 15 13:00:24 +0000 2018,"üåé From Colombia's Cartagena to Exmouth in Western Australia, these are the world's top 5 hidden gems according to t‚Ä¶ https://t.co/0zX7mH4Cs7",0.2023,0.091,0.909,0.0,69
@BBC,Fri Jun 15 12:00:39 +0000 2018,ü•äüë®‚Äçüé§ Who would you invite to your dream dinner party?  https://t.co/7HcjJzNiCk,0.6486,0.441,0.559,0.0,70
@BBC,Fri Jun 15 11:18:36 +0000 2018,üñºÔ∏èüò≤ Brazen thief bags himself a Banksy. https://t.co/vGqitgGppc,-0.5267,0.0,0.638,0.362,71
@BBC,Fri Jun 15 11:00:19 +0000 2018,"üòãüçì Strawberry season is upon us! 

Here are eight flavours you never knew went well with them.
üëâ‚Ä¶ https://t.co/v5N71CZaKW",-0.2746,0.0,0.895,0.105,72
@BBC,Fri Jun 15 10:05:03 +0000 2018,"This was a special moment. üíï @5SOS cover @AliceMerton's 'No Roots' in the @BBCR1 Live Lounge... 

https://t.co/CfjifsatE6",0.128,0.151,0.726,0.123,73
@BBC,Fri Jun 15 09:56:53 +0000 2018,"RT @BBCiPlayer: We're celebrating female voices and achievements across the BBC to mark 100 years since women got the vote. 

Not one to mi‚Ä¶",0.5719,0.139,0.861,0.0,74
@BBC,Fri Jun 15 09:26:50 +0000 2018,RT @bbcpress: Record-breaking drama #KeepingFaith is coming to @BBCOne! https://t.co/rzAvOffv7Z @TeamEveMyles https://t.co/hG2SRqFg6O,0.0,0.0,1.0,0.0,75
@BBC,Fri Jun 15 09:10:53 +0000 2018,"üôà Wondering what happened to the daredevil raccoon caught scaling a skyscraper?
#MPRraccoon https://t.co/JhViVNSMml",0.128,0.12,0.88,0.0,76
@BBC,Fri Jun 15 08:00:08 +0000 2018,üòç ‚òÅÔ∏è A beautiful phenomenon caught on film.  https://t.co/wz6CUbJDR1,0.5994,0.394,0.606,0.0,77
@BBC,Fri Jun 15 07:28:02 +0000 2018,"It‚Äôs possible to forget your first language, even as an adult. But how, and why, this happens is complex and counte‚Ä¶ https://t.co/lfC6NySCr5",-0.2263,0.0,0.917,0.083,78
@BBC,Fri Jun 15 07:00:15 +0000 2018,"In her spare time, Claire gives 3D nipple tattoos to women who've had mastectomies.
#HearHer via @BBCThree https://t.co/VhmjtZRVQs",0.0,0.0,1.0,0.0,79
@BBC,Thu Jun 14 19:32:00 +0000 2018,"We're celebrating female voices and achievements across the BBC to mark 100 years since women got the vote. 

Kate‚Ä¶ https://t.co/VbnExFqEI1",0.5719,0.163,0.837,0.0,80
@BBC,Thu Jun 14 19:03:07 +0000 2018,Anne Robinson meets women from across the UK to find out - 100 years on from suffrage - what's still preventing the‚Ä¶ https://t.co/0Vkrm7bFz6,-0.0258,0.0,0.948,0.052,81
@BBC,Thu Jun 14 18:00:25 +0000 2018,"'I'm glad you're in my life.'

üíï How dementia has brought together a 71-year-old and an 18-year-old. https://t.co/5yTs9XYxEj",0.4588,0.167,0.833,0.0,82
@BBC,Thu Jun 14 16:00:21 +0000 2018,"üòÇü¶à  If you haven't seen @AlanDavies1's shark impression, you haven't lived. 
#QI https://t.co/LdUwTLxRps",0.2263,0.137,0.863,0.0,83
@BBC,Thu Jun 14 15:13:23 +0000 2018,üíö Hundreds of people have taken part in a silent procession in honour of the 72 people killed in the Grenfell Tower‚Ä¶ https://t.co/uBVXW3wwgs,-0.2023,0.136,0.699,0.165,84
@BBC,Thu Jun 14 13:10:42 +0000 2018,"RT @bbcthree: This is what painful sex feels like. #HearHer 

(you'll want sound on) https://t.co/NyMtT7wFK4",-0.0258,0.203,0.642,0.155,85
@BBC,Thu Jun 14 13:01:07 +0000 2018,"""We gave him some food so hopefully he'll be back"": this fox climbed onto a London roof to sunbathe. ü¶äüòé‚Ä¶ https://t.co/l9mI0SMSbA",0.541,0.155,0.845,0.0,86
@BBC,Thu Jun 14 12:24:25 +0000 2018,üòÇ‚öΩÔ∏è There's no official England #WorldCup song so we're backing our friends at @CBeebiesHQ who want to make this th‚Ä¶ https://t.co/T4RLt9VxUl,0.3774,0.231,0.681,0.088,87
@BBC,Thu Jun 14 12:11:30 +0000 2018,"RT @BBCNews: Grenfell Tower, and 12 other London buildings, illuminated green to mark one year since the fire that claimed 72 lives 

A nat‚Ä¶",-0.34,0.0,0.902,0.098,88
@BBC,Thu Jun 14 12:01:05 +0000 2018,‚ù§Ô∏èüê∂ From stray dog to downward facing dog.... Amaloh is one lucky pooch! https://t.co/980DE0YdmS,0.4753,0.192,0.808,0.0,89
@BBC,Thu Jun 14 11:00:18 +0000 2018,"üòçüêê 'Love is evil ‚Äì it will make you fall in love with a goat.'

12 Russian proverbs to get you through the‚Ä¶ https://t.co/UoHrrXNBIg",0.6124,0.264,0.597,0.138,90
@BBC,Thu Jun 14 08:01:02 +0000 2018,üìö These Belgian students are revising for exams with monks at a monastery.  https://t.co/JKkUt9hSuA,0.0,0.0,1.0,0.0,91
@BBC,Thu Jun 14 07:27:04 +0000 2018,"How our teenage years shape our personality. 
üëâ https://t.co/QJTAN44EEc https://t.co/jnEjheADKI",0.0,0.0,1.0,0.0,92
@BBC,Thu Jun 14 07:01:03 +0000 2018,"Could one 'super bacteria‚Äô help to feed our growing world? 
#BBCTakingTheTemperature https://t.co/ShjZWSewSw",0.8074,0.48,0.52,0.0,93
@BBC,Wed Jun 13 19:03:07 +0000 2018,"Anatomist @theAliceRoberts embarks on a quest to rebuild her own body from scratch. 

Can Science Make Me Perfect?‚Ä¶ https://t.co/MSu2XCAYqw",0.0,0.0,1.0,0.0,94
@BBC,Wed Jun 13 18:28:04 +0000 2018,"Discover the story of how Kensington became the most unequal place in Britain. 

Before Grenfell: A Hidden History‚Ä¶ https://t.co/68V4lSl8ee",-0.4005,0.0,0.863,0.137,95
@BBC,Wed Jun 13 18:01:04 +0000 2018,üòÅ Russian workers being taught how to smile more ahead of the World Cup.  https://t.co/Qv9BoVmX25,0.3612,0.161,0.839,0.0,96
@BBC,Wed Jun 13 16:30:31 +0000 2018,"RT @BBCOne: There are some ingredients that even Britain‚Äôs best home cooks can‚Äôt get on board with. #BBHC ü§î

@Chris_Bavin https://t.co/whDV‚Ä¶",0.6369,0.181,0.819,0.0,97
@BBC,Wed Jun 13 16:25:17 +0000 2018,"RT @BBCiPlayer: Witness the might of female factory workers in Dagenham, who fought for equal pay in 1968. üí™ üôåüèæ 
#MadeinDagenham: https://t‚Ä¶",-0.4019,0.0,0.837,0.163,98
@BBC,Wed Jun 13 16:01:03 +0000 2018,'Black people think I have white privilege.' https://t.co/SoNEFZfdZ6,0.0,0.0,1.0,0.0,99
@CBS,Mon Jun 18 20:27:50 +0000 2018,Time to make your predictions for #BB20! üëè Get to know the @CBSBigBrother Houseguests before the big premiere next‚Ä¶ https://t.co/jlpIchJ9sk,0.0,0.0,1.0,0.0,0
@CBS,Mon Jun 18 15:00:46 +0000 2018,RT @CBSBigBrother: Meet the cast of #BB20... before anyone else! Start streaming all their live interviews beginning at 11am EST/8am PST on‚Ä¶,0.0,0.0,1.0,0.0,1
@CBS,Sun Jun 17 13:00:01 +0000 2018,"Today and every day we celebrate their love, guidance, and support. Happy #FathersDay to every kind of dad! https://t.co/Wffax1khBH",0.9392,0.493,0.507,0.0,2
@CBS,Fri Jun 15 18:48:29 +0000 2018,"Casting Alert! @paulwesley, @DaniaJRamirez &amp; @JamesWolk are set to star in the upcoming CBS All Access psychologica‚Ä¶ https://t.co/JnZMrzT92n",0.3595,0.128,0.872,0.0,3
@CBS,Thu Jun 14 17:30:00 +0000 2018,"In case you missed it, watch the entire #TonyAwards now: https://t.co/Bm0yNV3Ff3 https://t.co/h3YnFkmSQJ",-0.296,0.0,0.833,0.167,4
@CBS,Thu Jun 14 16:19:32 +0000 2018,RT @StrangeAngel: Mastermind or maniac? Explore the brilliant mind of Jack Parsons in #StrangeAngel. Now streaming on CBS All Access: https‚Ä¶,0.1779,0.147,0.734,0.12,5
@CBS,Tue Jun 12 00:19:23 +0000 2018,"No pain, no gain, ALL Hart! Just one month until the premiere of @TKOCBS hosted by @KevinHart4real. https://t.co/C1yMCglxVn",-0.5562,0.134,0.551,0.315,6
@CBS,Mon Jun 11 22:23:06 +0000 2018,"RT @TheNeighborhood: Welcome to #TheNeighborhood, @BethBehrs! The @2BrokeGirls star returns to @CBS in a new sitcom alongside @CedEntertain‚Ä¶",0.5093,0.171,0.829,0.0,7
@CBS,Mon Jun 11 19:01:38 +0000 2018,"In case you missed it, watch the entire #TonyAwards now: https://t.co/Bm0yNV3Ff3 https://t.co/3GA5otlcPa",-0.296,0.0,0.833,0.167,8
@CBS,Mon Jun 11 14:00:37 +0000 2018,How do you know @SaraBareilles and @joshgroban's music? #TonyAwards https://t.co/POMXBORfUT,0.0,0.0,1.0,0.0,9
@CBS,Mon Jun 11 06:19:36 +0000 2018,Here are all the performances from the 2018 #TonyAwards: https://t.co/gN4ItpFlRd https://t.co/fSMNBXKC9r,0.0,0.0,1.0,0.0,10
@CBS,Mon Jun 11 06:04:41 +0000 2018,See the complete list of winners from the 2018 #TonyAwards: https://t.co/9XK6CGeber https://t.co/HkUIN4Quej,0.4767,0.22,0.78,0.0,11
@CBS,Mon Jun 11 03:10:33 +0000 2018,An end to a magical evening. The Band's Visit wins for Best Musical! #TonyAwards https://t.co/ODza97n8YH,0.8478,0.406,0.594,0.0,12
@CBS,Mon Jun 11 03:02:06 +0000 2018,Congratulations are in order for @TheKatrinaLenk! She just won for Best Leading Actress in a Musical. #TonyAwards https://t.co/t9bNvpiEmH,0.92,0.463,0.537,0.0,13
@CBS,Mon Jun 11 02:58:30 +0000 2018,"RT @CBSThisMorning: Hmm... something seems off here @SaraBareilles @JoshGroban. üòÇ

@WaitressMusical @GreatCometBway #TonyAwards https://t.c‚Ä¶",0.0,0.0,1.0,0.0,14
@CBS,Mon Jun 11 02:56:40 +0000 2018,RT @_stobin13: watching the #TonyAwards after going to 3 broadway shows this weekend makes it even better üòçü§©,0.4404,0.153,0.847,0.0,15
@CBS,Mon Jun 11 02:56:10 +0000 2018,Tony Shalhoub wins Best Leading Actor in a Musical. #TonyAwards   #TheBandsVisit https://t.co/KcUDSicKI5,0.836,0.467,0.533,0.0,16
@CBS,Mon Jun 11 02:53:00 +0000 2018,The Boss looks right at home on the #TonyAwards stage! https://t.co/pwjv4iydkn,0.0,0.0,1.0,0.0,17
@CBS,Mon Jun 11 02:47:29 +0000 2018,RT @Aatamianphoto: Springsteen is on the #TonyAwards and I love it.,0.6369,0.318,0.682,0.0,18
@CBS,Mon Jun 11 02:44:50 +0000 2018,Inspiration: Get to your YES! #OnceOnThisIsland #TonyAwards https://t.co/Wjp0QIWfXq,0.7978,0.543,0.457,0.0,19
@CBS,Mon Jun 11 02:44:37 +0000 2018,The feeling when you win a Tony. üôå¬†Congratulations to Once on This Island for winning Best Revival of a Musical!‚Ä¶ https://t.co/UpFCqgBTwh,0.9523,0.55,0.45,0.0,20
@CBS,Mon Jun 11 02:33:09 +0000 2018,What a beautiful performance by the cast of #TheBandsVisit. #TonyAwards https://t.co/4Hw96kZvrf,0.5994,0.302,0.698,0.0,21
@CBS,Mon Jun 11 02:29:18 +0000 2018,"""I'm a living example of how theatre can change you - and it didn't just change me, it saved me."" @JohnLeguizamo at‚Ä¶ https://t.co/4ICwMhb6hv",0.4215,0.123,0.877,0.0,22
@CBS,Mon Jun 11 02:23:56 +0000 2018,Angels in America takes the win for Best Revival of a Play! #TonyAwards https://t.co/zodW61tw8a,0.8932,0.517,0.483,0.0,23
@CBS,Mon Jun 11 02:21:03 +0000 2018,"RT @leahableson: The Once On This Island Goat And Chicken made it to the broadcast, Mama WILL provide #TonyAwards",0.0,0.0,1.0,0.0,24
@CBS,Mon Jun 11 02:16:06 +0000 2018,That performance was the GOAT. #TonyAwards https://t.co/mtoU92HipQ,0.0,0.0,1.0,0.0,25
@CBS,Mon Jun 11 02:11:03 +0000 2018,Harry Potter and the Cursed Child wins Best Play at the #TonyAwards! @HPPlayNYC https://t.co/WIqJQmtAlN,0.8908,0.491,0.509,0.0,26
@CBS,Mon Jun 11 02:05:47 +0000 2018,üé∂ ‚ÄúLet's dance this last dance tonight.‚Äù üé∂ #TonyAwards #DonnaSummerMusical https://t.co/UAIaglChfv,0.0,0.0,1.0,0.0,27
@CBS,Mon Jun 11 02:03:31 +0000 2018,Hope he brought enough birthday cake for everyone! #TonyAwards https://t.co/FlLbKV6oj8,0.4926,0.262,0.738,0.0,28
@CBS,Mon Jun 11 01:58:48 +0000 2018,@writerlindsayb You're welcome! #TonyAwards,0.5093,0.523,0.477,0.0,29
@CBS,Mon Jun 11 01:53:17 +0000 2018,RT @hjmayer8: I sure do love @DearEvanHansen üíô #TonyAwards,0.7579,0.565,0.435,0.0,30
@CBS,Mon Jun 11 01:51:16 +0000 2018,"RT @Valerie4815: What a birthday present, the Tony audience singing happy birthday to you!! #TonyAwards",0.6467,0.248,0.752,0.0,31
@CBS,Mon Jun 11 01:38:23 +0000 2018,If only this performance could go on forever. #TonyAwards @FrozenBroadway https://t.co/p2BMUvyTxr,0.0,0.0,1.0,0.0,32
@CBS,Mon Jun 11 01:37:36 +0000 2018,RT @anna_villanueva: Magnificent performance from the cast of @FrozenBroadway! #TonyAwards2018 #TonyAwards #Tonys,0.636,0.276,0.724,0.0,33
@CBS,Mon Jun 11 01:30:56 +0000 2018,Glenda Jackson wins Best Leading Actress in a Play. #TonyAwards @threetallwomen https://t.co/GRp1gcBuiW,0.8834,0.563,0.437,0.0,34
@CBS,Mon Jun 11 01:29:21 +0000 2018,.@SaraBareilles is totally a Gryffindor. #TonyAwards https://t.co/OPQ7esk2dn,0.0,0.0,1.0,0.0,35
@CBS,Mon Jun 11 01:26:03 +0000 2018,RT @IzzyNY202: How impressive are these Marjory Stoneman Douglas students? That #TonyAwards performance reduced me to tears. Amazing.,0.7351,0.296,0.625,0.079,36
@CBS,Mon Jun 11 01:25:59 +0000 2018,RT @KatLargent: MAGIC #TonyAwards,0.0,0.0,1.0,0.0,37
@CBS,Mon Jun 11 01:24:46 +0000 2018,Such a touching moment at the #TonyAwards. ‚ù§Ô∏è https://t.co/4kJWTHVPZ8,0.0,0.0,1.0,0.0,38
@CBS,Mon Jun 11 01:24:12 +0000 2018,.@Matt_Morrison welcomes the Marjory Stoneman Douglas High School theatre department to the stage. #TonyAwards https://t.co/5dxa9smeka,0.4019,0.162,0.838,0.0,39
@CBS,Mon Jun 11 01:19:59 +0000 2018,So many feels at the #TonyAwards. Congratulations to @arielstachel for winning Best Featured Actor in a Musical!‚Ä¶ https://t.co/m1aRNIHPRK,0.9151,0.457,0.543,0.0,40
@CBS,Mon Jun 11 01:12:31 +0000 2018,RT @McBenefit: I love everything about you @UzoAduba. #TonyAwards,0.6369,0.375,0.625,0.0,41
@CBS,Mon Jun 11 01:08:28 +0000 2018,RT if that musical number by the cast of Carousel blew you away! #TonyAwards https://t.co/CMzMNtcAQO,0.1511,0.102,0.898,0.0,42
@CBS,Mon Jun 11 01:08:24 +0000 2018,Nathan Lane saw his #AngelsinAmerica role as a challenge. How will you challenge yourself in 2018? #TonyAwards https://t.co/3WXd6AqgBi,0.1531,0.148,0.852,0.0,43
@CBS,Mon Jun 11 01:02:47 +0000 2018,Nathan Lane wins Best Featured Actor in a Play. #TonyAwards @angelsbway https://t.co/xc8M7JtLDE,0.8834,0.563,0.437,0.0,44
@CBS,Mon Jun 11 00:58:06 +0000 2018,üåü¬†@joshgroban and @SaraBareilles are Host Goals. üåü #TonyAwards https://t.co/OGQec8cXJ6,0.0,0.0,1.0,0.0,45
@CBS,Mon Jun 11 00:52:34 +0000 2018,RT @adub369: This is unbelievable! @SaraBareilles and @joshgroban #TonyAwards,0.2714,0.207,0.793,0.0,46
@CBS,Mon Jun 11 00:51:11 +0000 2018,Who lives in a pineapple and just performed at The Tonys? üççüé∂ The cast of SpongeBob SquarePants: The Musical!‚Ä¶ https://t.co/mvFxdh9UJi,0.0,0.0,1.0,0.0,47
@CBS,Mon Jun 11 00:50:18 +0000 2018,‚ú® @LindsayMendez wins Best Featured Actress in a Musical! #TonyAwards @carouselbway https://t.co/MtgFowscN5,0.8478,0.506,0.494,0.0,48
@CBS,Mon Jun 11 00:45:14 +0000 2018,A big congratulations to @springsteen for his Special Tony award! ‚ú®¬†#TonyAwards https://t.co/i16u8uv9aT,0.8858,0.565,0.435,0.0,49
@CBS,Mon Jun 11 00:44:36 +0000 2018,Can the 73rd annual #TonyAwards just be three-hours of @TitussBurgess? https://t.co/3rCZwwTUtv,0.0,0.0,1.0,0.0,50
@CBS,Mon Jun 11 00:35:41 +0000 2018,"RT @CBSThisMorning: ""We know there are a lot of you out there who have photos of yourself in school plays or community theater."" Post your‚Ä¶",0.25,0.08,0.92,0.0,51
@CBS,Mon Jun 11 00:34:45 +0000 2018,Keep your acceptance speeches short or else the #TonyAwards will get the angels involved. #AngelsInAmerica üëº https://t.co/oznhezRzDc,0.4588,0.167,0.833,0.0,52
@CBS,Mon Jun 11 00:31:28 +0000 2018,"If you haven't started singing, you will be the rest of the night. #TonyAwards #MyFairLady https://t.co/jbGXwnru8N",0.0,0.0,1.0,0.0,53
@CBS,Mon Jun 11 00:27:42 +0000 2018,RT @marialena_rago: I like this opener for @MyFairLadyBway #TonyAwards,0.3612,0.263,0.737,0.0,54
@CBS,Mon Jun 11 00:27:00 +0000 2018,Laurie Metcalf wins Best Featured Actress in a Play! #TonyAwards @threetallwomen https://t.co/y4teyJaRPs,0.8908,0.57,0.43,0.0,55
@CBS,Mon Jun 11 00:24:31 +0000 2018,Tina Fey has a boat?? #MeanGirls #TonyAwards https://t.co/phYxmHMd3d,0.0,0.0,1.0,0.0,56
@CBS,Mon Jun 11 00:22:15 +0000 2018,Representing the hardest-working men and women in Broadway‚Ä¶¬†ensemble members from every nominated musical tonight!‚Ä¶ https://t.co/imlEEnOUla,0.0,0.0,1.0,0.0,57
@CBS,Mon Jun 11 00:22:15 +0000 2018,RT @misschae: I love theatre so much. #TonyAwards,0.6369,0.412,0.588,0.0,58
@CBS,Mon Jun 11 00:18:16 +0000 2018,On Wednesdays they wear pink and on Sundays they perform at the #TonyAwards. üíï Who thought that performance by the‚Ä¶ https://t.co/w7QDkaX6kF,0.0,0.0,1.0,0.0,59
@CBS,Mon Jun 11 00:13:27 +0000 2018,"RT @MichaelJMoritz: ""We are all made perfectly and we all belong‚Äù - Andrew Garfield #TonyAwards",0.6369,0.244,0.756,0.0,60
@CBS,Mon Jun 11 00:12:31 +0000 2018,Andrew Garfield wins Best Leading Actor in a Play. #TonyAwards @angelsbway https://t.co/s2VQnw6IPP,0.8834,0.563,0.437,0.0,61
@CBS,Mon Jun 11 00:06:39 +0000 2018,"RT @nightingalen: Love this opening song! @joshgroban
@SaraBarreilles 
#TonyAwards",0.6696,0.36,0.64,0.0,62
@CBS,Mon Jun 11 00:04:15 +0000 2018,‚ú® @joshgroban and @SaraBareilles take the stage to begin an unforgettable evening. #TonyAwards https://t.co/y9uzlK2DzO,0.0,0.0,1.0,0.0,63
@CBS,Sun Jun 10 23:59:00 +0000 2018,Grab your popcorn... it's time for the #TonyAwards! Go and stream the entire show now: https://t.co/Wo1algQHix https://t.co/JGYTk4NPDN,0.0,0.0,1.0,0.0,64
@CBS,Sun Jun 10 23:18:15 +0000 2018,‚ú® @thegoodfight's Christine Baranski has arrived on the #TonyAwards red carpet! Watch LIVE at 8/7c on CBS! https://t.co/XnXAnPtRrc,0.0,0.0,1.0,0.0,65
@CBS,Sun Jun 10 22:01:25 +0000 2018,"The hosts have arrived! We're LIVE with @SaraBareilles, @joshgroban and more on the #TonyAwards red carpet hosted b‚Ä¶ https://t.co/NtarbgywLe",0.0,0.0,1.0,0.0,66
@CBS,Sun Jun 10 15:00:01 +0000 2018,Tonight's the night! Join @etnow's @DDirecto on the #TonyAwards' red carpet starting at 5PM ET! https://t.co/hZLOSiIRAT,0.4184,0.157,0.843,0.0,67
@CBS,Sat Jun 09 21:00:02 +0000 2018,These two know a thing or two about awards! Watch them light up the stage tomorrow at the #TonyAwards. ‚ú® https://t.co/KHVZp65oLS,0.5093,0.155,0.845,0.0,68
@CBS,Sat Jun 09 16:00:00 +0000 2018,Here's everything you need to know before watching the #TonyAwards this Sunday at 8/7c: https://t.co/jcRgNGmLUZ https://t.co/8suUhVPFK6,0.0,0.0,1.0,0.0,69
@CBS,Fri Jun 08 19:46:17 +0000 2018,Join @etnow's @DDirecto this Sunday on the #TonyAwards' red carpet. https://t.co/7jS8g10KmY,0.296,0.18,0.82,0.0,70
@CBS,Fri Jun 08 15:00:03 +0000 2018,Here's @laChanze with a reminder that you can stream the #TonyAwards this Sunday on CBS All Access! https://t.co/8TDEXzKmyQ,0.0,0.0,1.0,0.0,71
@CBS,Fri Jun 08 13:58:15 +0000 2018,"We all get by with a little help from our friends, so what better way to celebrate #NationalBestFriendsDay than to‚Ä¶ https://t.co/pIZezbBwaT",0.9078,0.436,0.564,0.0,72
@CBS,Thu Jun 07 17:03:26 +0000 2018,"Get ready for show-stopping performances by the casts of the 2018 Tony-nominated shows Mean Girls, SpongeBob Square‚Ä¶ https://t.co/NiSx9Bbw0F",0.3612,0.128,0.872,0.0,73
@CBS,Wed Jun 06 21:00:24 +0000 2018,Don‚Äôt miss a special performance from @springsteen this Sunday at the #TonyAwards: https://t.co/LYYdleaFwU https://t.co/IKkKoITH9y,0.2732,0.176,0.719,0.105,74
@CBS,Wed Jun 06 00:08:30 +0000 2018,"RT @CBSThisMorning: .@SaraBareilles and @joshgroban are hosting this Sunday's @TheTonyAwards on @CBS! 

Wednesday, they'll join us LIVE on‚Ä¶",0.3595,0.128,0.872,0.0,75
@CBS,Tue Jun 05 22:23:35 +0000 2018,"RT @SU2C: SU2C telecast Co-Executive Producer Bradley Cooper sits down with Mitch Carbon, a pediatric cancer survivor who benefited from #S‚Ä¶",-0.4404,0.1,0.723,0.177,76
@CBS,Tue Jun 05 22:12:28 +0000 2018,RT @StrangeAngel: About last night... The #StrangeAngel screening party was a blast! Pun intended. üöÄüòè https://t.co/m64EcNmweY,0.4574,0.176,0.824,0.0,77
@CBS,Tue Jun 05 19:00:02 +0000 2018,These CBS stars can really belt it out! Find out which celebs from your favorite shows are pitch-perfect:‚Ä¶ https://t.co/X4zMACFazB,0.5093,0.155,0.845,0.0,78
@CBS,Tue Jun 05 15:04:41 +0000 2018,"More stars are set to appear at the #TonyAwards, including @billyjoel, @amyschumer, and @katharinemcphee. See who e‚Ä¶ https://t.co/lPUocBcn9t",0.0,0.0,1.0,0.0,79
@CBS,Mon Jun 04 17:00:00 +0000 2018,"The #TonyAwards are just days away, and @joshgroban and @SaraBareilles will bring all they've got to Broadway's Big‚Ä¶ https://t.co/eKkWn6ClSq",0.0,0.0,1.0,0.0,80
@CBS,Fri Jun 01 17:39:17 +0000 2018,"Call us old-fashioned, but we donut want you missing out on #NationalDonutDay! Here are a few treats from us to you‚Ä¶ https://t.co/HpzN8bQ3SO",-0.3903,0.062,0.807,0.131,81
@CBS,Fri Jun 01 17:00:03 +0000 2018,Remember @Lin_Manuel‚Äôs beautiful sonnet from the 70th Annual Tony Awards¬Æ? Relive some of the greatest moments in‚Ä¶ https://t.co/IZjeQLd58C,0.8442,0.336,0.664,0.0,82
@CBS,Thu May 31 23:50:00 +0000 2018,"Good friends @joshgroban and @SaraBareilles are hosting the #TonyAwards together? Well, this is bound to be fun! https://t.co/26Vgzp0s2e",0.8932,0.455,0.545,0.0,83
@CBS,Wed May 30 15:07:34 +0000 2018,"The #TonyAwards just got even better because @UzoAduba, @MattBomer, and more stars will be presenting live! Find ou‚Ä¶ https://t.co/hfFBtWo1T9",0.4926,0.151,0.849,0.0,84
@CBS,Mon May 28 21:00:01 +0000 2018,"Mark your calendars. @SalvationCBS returns Monday, June 25 at 9/8c! ‚òÑÔ∏è https://t.co/N9pYuhYLRF",0.0,0.0,1.0,0.0,85
@CBS,Mon May 28 02:08:19 +0000 2018,RT @thegoodfight: All episodes of season 2 are now available. Stream #TheGoodFight on CBS All Access: https://t.co/k3tn8kR9KC https://t.co/‚Ä¶,0.0,0.0,1.0,0.0,86
@CBS,Wed May 23 23:07:38 +0000 2018,Get the popcorn ready! üçø  It's going to be an unforgettable @survivorcbs finale. Make sure to tune in TONIGHT at 8/‚Ä¶ https://t.co/vp0JyqfXMQ,0.6239,0.211,0.789,0.0,87
@CBS,Wed May 23 19:02:43 +0000 2018,"RT @StrangeAngel: Every brilliant mind has a dark side. #StrangeAngel launches June 14, only on CBS All Access. https://t.co/y0MZg1BzEB htt‚Ä¶",0.5859,0.174,0.826,0.0,88
@CBS,Tue May 22 23:19:40 +0000 2018,Prepare yourself. The @NCIS_CBS season finale is unlike any other. Don't miss it TONIGHT at 8/7c. https://t.co/MOH6uiFc0C,0.1139,0.083,0.917,0.0,89
@CBS,Tue May 22 20:02:22 +0000 2018,"Summer heats up with @CBSBigBrother, @SalvationCBS, and the brand-new competition series @TKOCBS. Find out when you‚Ä¶ https://t.co/DxE7OnKs17",0.0,0.0,1.0,0.0,90
@CBS,Mon May 21 23:00:01 +0000 2018,Who‚Äôs going to be watching the season finale of @ManWithAPlan tonight? RT if you'll be tuning in at 8:30/7:30c! https://t.co/ARLRtVuGuc,0.0,0.0,1.0,0.0,91
@CBS,Sun May 20 20:00:00 +0000 2018,The season finale of @MadamSecretary will leave you speechless! Make sure to tune in tonight at 10/9c. https://t.co/hqxkLZsWpl,0.3382,0.131,0.808,0.061,92
@CBS,Sun May 20 17:00:01 +0000 2018,The @NCISLA season finale is going to be a wild ride. Don't miss all of the action starting TONIGHT at 8/7c! https://t.co/PNtUuVf9VQ,0.1867,0.08,0.92,0.0,93
@CBS,Sat May 19 08:00:01 +0000 2018,Retweet if you're ready for the #RoyalWedding! https://t.co/k57NM7OrXn,0.4199,0.285,0.715,0.0,94
@CBS,Fri May 18 21:00:01 +0000 2018,It's going down (literally) on the Season Finale of @HawaiiFive0CBS when a submarine appears off the coast of Waiki‚Ä¶ https://t.co/oD7Le5XUz6,0.0,0.0,1.0,0.0,95
@CBS,Fri May 18 14:00:03 +0000 2018,"The #RoyalWedding is finally here, and you're invited! Join @CBSThisMorning‚Äôs @GayleKing and @etnow‚Äôs @KevinFrazier‚Ä¶ https://t.co/Q5xiRkXLUz",0.3595,0.151,0.849,0.0,96
@CBS,Thu May 17 23:44:27 +0000 2018,When the @LifeInPiecesCBS season finale is back-to-back episodes. üëè Get ready for double the laughs at 9/8c! https://t.co/SYW5UzXobv,0.7177,0.285,0.715,0.0,97
@CBS,Thu May 17 21:19:59 +0000 2018,Rules were made to be broken.üí• Don't miss the heart-pounding season finale of @swatcbs TONIGHT at 10/9c! https://t.co/NXLbeIrvcp,0.1867,0.093,0.907,0.0,98
@CBS,Thu May 17 19:12:51 +0000 2018,"Is it fall yet? Check out the first looks at our new fall shows and stars from the CBS Upfront!

https://t.co/l7GQVRzRFw",0.0,0.0,1.0,0.0,99
@CNN,Tue Jun 19 05:46:00 +0000 2018,Tiffany &amp; Co. is revamping its image to attract a younger crowd. And there are signs that it's working.‚Ä¶ https://t.co/XsG6uJ9qOi,0.3612,0.122,0.878,0.0,0
@CNN,Tue Jun 19 05:39:38 +0000 2018,"RT @CNNTonight: ""I was not comfortable morally with the direction the company was taking."" A former youth social worker at a government-con‚Ä¶",-0.4023,0.0,0.875,0.125,1
@CNN,Tue Jun 19 05:31:08 +0000 2018,"President Trump claims crime in Germany ""is way up."" 

But data from the German government shows that 2017 saw the‚Ä¶ https://t.co/TWNVjmXu1y",-0.5423,0.0,0.851,0.149,2
@CNN,Tue Jun 19 05:16:00 +0000 2018,"""Flying through space, for me, is a bit surreal. Flying over this place that I came to when I was twelve."" -‚Ä¶ https://t.co/8iVPSA9MGL",0.0,0.0,1.0,0.0,3
@CNN,Tue Jun 19 05:01:00 +0000 2018,"By 2025, two-thirds of the world's population may face water shortages, according to the World Wildlife Fund. This‚Ä¶ https://t.co/KzdLbToEJA",-0.1531,0.0,0.918,0.082,4
@CNN,Tue Jun 19 04:46:00 +0000 2018,This is how airplane seats for the world's longest flight are made https://t.co/QO83CcPll0 https://t.co/EQUzLFsfM2,0.0,0.0,1.0,0.0,5
@CNN,Tue Jun 19 04:31:02 +0000 2018,"""We're doing the right thing. We're taking care of these children."" AG Jeff Sessions defends the Trump administrati‚Ä¶ https://t.co/phpqOh5BvE",0.4939,0.151,0.849,0.0,6
@CNN,Tue Jun 19 04:16:04 +0000 2018,"There was no call between US and North Korean officials over the weekend, two administration officials tell CNN, de‚Ä¶ https://t.co/rzTiYv26rt",-0.296,0.0,0.896,0.104,7
@CNN,Tue Jun 19 04:01:10 +0000 2018,"""Black Panther"" star Chadwick Boseman was accepting an MTV award for playing a superhero when he invited James Shaw‚Ä¶ https://t.co/LFSkt1t2Jh",0.7845,0.331,0.669,0.0,8
@CNN,Tue Jun 19 03:46:03 +0000 2018,Facing mounting outcry and contradictory statements about the Trump administration's practice of separating childre‚Ä¶ https://t.co/l32wjj4cM4,-0.6908,0.0,0.695,0.305,9
@CNN,Tue Jun 19 03:38:03 +0000 2018,Shares in Chinese tech firm ZTE plummeted more than 20% after US lawmakers sought to uphold a ban that prevents the‚Ä¶ https://t.co/sD86aILC62,-0.2732,0.139,0.717,0.143,10
@CNN,Tue Jun 19 03:37:18 +0000 2018,"RT @CNNTonight: ""It's the people who are the victims that are coming over not the people who are perpetrating the crimes"" - Rep. Frank Pall‚Ä¶",-0.3182,0.0,0.909,0.091,11
@CNN,Tue Jun 19 03:36:06 +0000 2018,See all the winners at the MTV Movie &amp; TV Awards https://t.co/zPcgSC4vd3 #MTVAwards https://t.co/kQslkVPlps,0.7269,0.337,0.663,0.0,12
@CNN,Tue Jun 19 03:32:58 +0000 2018,RT @CNNTonight: CNN's @DonLemon says there's no denying Trump's immigration practice separates undocumented parents and their children. htt‚Ä¶,-0.5574,0.0,0.777,0.223,13
@CNN,Tue Jun 19 03:32:37 +0000 2018,Two-thirds of Americans disapprove of the Trump administration's policy that results in family separation at the bo‚Ä¶ https://t.co/ftAnXGSWf7,0.0,0.0,1.0,0.0,14
@CNN,Tue Jun 19 03:31:54 +0000 2018,RT @CNNTonight: Human rights attorney who provided ProPublica with audio of children who were separated from their parents at the US border‚Ä¶,0.0,0.0,1.0,0.0,15
@CNN,Tue Jun 19 03:31:05 +0000 2018,Frida Escobedo's 2018 Serpentine Pavilion blurs British and Mexican influences https://t.co/EGnuN1RZuV via @CNNStyle https://t.co/bM9VvLKmT1,0.0,0.0,1.0,0.0,16
@CNN,Tue Jun 19 03:30:26 +0000 2018,"RT @CNNTonight: ""The voices that have been missing in this debate about this policy are the voices of the children"" - ProPublica senior rep‚Ä¶",-0.296,0.0,0.909,0.091,17
@CNN,Tue Jun 19 03:16:03 +0000 2018,Republicans are growing anxious over President Donald Trump's policy to break up families at the border -- and now‚Ä¶ https://t.co/7mqSngfBKo,-0.0772,0.078,0.829,0.092,18
@CNN,Tue Jun 19 03:04:43 +0000 2018,"Tiffany Haddish's best lines at the MTV Movie &amp; TV Awards https://t.co/cnSEi5ibXI

Follow live updates:‚Ä¶ https://t.co/zpBBTzRO3E",0.802,0.34,0.66,0.0,19
@CNN,Tue Jun 19 03:01:07 +0000 2018,"The White House says family separations at the border are a ""binary choice."" Here's what the stats say.‚Ä¶ https://t.co/O1mHUotvUu",0.0,0.0,1.0,0.0,20
@CNN,Tue Jun 19 02:47:04 +0000 2018,The UN High Commissioner for Human Rights slammed the separation of children from their parents at the US-Mexico bo‚Ä¶ https://t.co/x09hJan57J,0.0,0.0,1.0,0.0,21
@CNN,Tue Jun 19 02:38:19 +0000 2018,"RT @CNNTonight: ""This to me as a pediatrician seems like government-sanctioned child endangerment."" - Dr. Alan Shapiro on the Trump adminis‚Ä¶",0.3612,0.122,0.878,0.0,22
@CNN,Tue Jun 19 02:38:00 +0000 2018,"North Korean leader Kim Jong Un is visiting China on Tuesday and Wednesday, Chinese state media have announced.

It‚Ä¶ https://t.co/kL3rISohm0",0.0,0.0,1.0,0.0,23
@CNN,Tue Jun 19 02:32:03 +0000 2018,"Devastating floods ravaged Michigan's Upper Peninsula this weekend, leading the state's governor to declare a state‚Ä¶ https://t.co/Fn1Ls4QYwD",-0.6486,0.0,0.777,0.223,24
@CNN,Tue Jun 19 02:16:46 +0000 2018,Actor Mary McCormack's husband was driving this Tesla Model S in Los Angeles when it spontaneously caught fire with‚Ä¶ https://t.co/cEPhDpsNtf,-0.34,0.0,0.882,0.118,25
@CNN,Tue Jun 19 02:14:47 +0000 2018,"RT @CuomoPrimeTime: ""I don't think they're gonna take the words that you just said and put them on the bottom of the Statue of Liberty anyt‚Ä¶",0.5267,0.12,0.88,0.0,26
@CNN,Tue Jun 19 02:14:30 +0000 2018,"‚ÄúShe should leave‚Äù: Democratic Sen. @KamalaHarris calls on DHS Secretary Kirstjen Nielsen to resign, saying she is‚Ä¶ https://t.co/ZYGNN5sQoE",-0.34,0.0,0.876,0.124,27
@CNN,Tue Jun 19 02:11:05 +0000 2018,"RT @AC360: CNN‚Äôs @Bakari_Sellers: ‚ÄúThis is not who America is‚Ä¶ but this is exactly who Donald Trump is‚Ä¶ he talks about people being aliens,‚Ä¶",0.0,0.0,1.0,0.0,28
@CNN,Tue Jun 19 02:11:00 +0000 2018,"In the constellation of Sagittarius, three infant planets have been found orbiting a young star 330 light-years fro‚Ä¶ https://t.co/MAuX78rHGb",0.0,0.0,1.0,0.0,29
@CNN,Tue Jun 19 02:10:48 +0000 2018,"""I have no legal exposure here. In fact this is an interaction that amounted to nothing."" Former Trump campaign off‚Ä¶ https://t.co/pyScCGQp0i",-0.1779,0.066,0.837,0.097,30
@CNN,Tue Jun 19 02:06:00 +0000 2018,"Former Director of National Intelligence James Clapper said it's getting ""harder and harder to believe"" that Trump‚Ä¶ https://t.co/H5l5NHGfSk",0.4767,0.154,0.846,0.0,31
@CNN,Tue Jun 19 02:01:07 +0000 2018,"""Donald Trump is presiding over a sunset to democracy that is spreading across the world, eradicating much of the s‚Ä¶ https://t.co/4n09P1SFZd",0.0,0.0,1.0,0.0,32
@CNN,Tue Jun 19 01:57:22 +0000 2018,"""Why so many meetings with the Russians? The Russians are our adversaries."" Former DNI James Clapper reacts to form‚Ä¶ https://t.co/YuOKWNWVZw",0.0,0.0,1.0,0.0,33
@CNN,Tue Jun 19 01:51:48 +0000 2018,"RT @CuomoPrimeTime: ‚ÄúIt‚Äôs a phone call away from getting changed and stopping those kids from crying. Let‚Äôs see what happens.‚Äù

@ChrisCuomo‚Ä¶",-0.5719,0.0,0.793,0.207,34
@CNN,Tue Jun 19 01:51:12 +0000 2018,Could Dunedin be New Zealand's most underrated city? https://t.co/4mF184oky3 via @CNNTravel https://t.co/PHQkWiJnZE,0.0,0.0,1.0,0.0,35
@CNN,Tue Jun 19 01:46:21 +0000 2018,"After three years of restoration at Yosemite National Park, some of the world's biggest trees are ready to view aga‚Ä¶ https://t.co/etsIXIROkf",0.3612,0.111,0.889,0.0,36
@CNN,Tue Jun 19 01:23:15 +0000 2018,"""You can't just erase a kid and expect to prevent future suicides. Nothing changes unless it is talked about. The s‚Ä¶ https://t.co/WIDHIJYE1j",0.0258,0.052,0.948,0.0,37
@CNN,Tue Jun 19 01:03:06 +0000 2018,"Robert Patterson, the acting administrator of the Drug Enforcement Administration, will retire at the end of the mo‚Ä¶ https://t.co/NyvpmmxILn",0.0,0.0,1.0,0.0,38
@CNN,Tue Jun 19 00:57:56 +0000 2018,"Children who were separated from their parents at the US border can be heard crying out for ""Mami"" and ""Papa"" in di‚Ä¶ https://t.co/YIou9xGGUs",-0.4767,0.0,0.876,0.124,39
@CNN,Tue Jun 19 00:53:54 +0000 2018,"One father is desperately trying to stay connected to his wife and children, who were split up across the US after‚Ä¶ https://t.co/mvRXowJMQj",-0.3818,0.0,0.89,0.11,40
@CNN,Tue Jun 19 00:51:04 +0000 2018,"If Democrats are the party of the people, let's act like it | By Randi Weingarten and Lee Saunders via @CNNOpinion‚Ä¶ https://t.co/K0X78LYv7N",0.6369,0.215,0.785,0.0,41
@CNN,Tue Jun 19 00:41:41 +0000 2018,The White House said if China goes through with its promise to retaliate against the US tariffs announced last week‚Ä¶ https://t.co/dziSew7HTh,0.3182,0.103,0.897,0.0,42
@CNN,Tue Jun 19 00:41:04 +0000 2018,"President Donald Trump has continued to defend his budding relationship with North Korean leader Kim Jong Un, deman‚Ä¶ https://t.co/Q2hnzrDEEg",0.0,0.0,1.0,0.0,43
@CNN,Tue Jun 19 00:36:15 +0000 2018,The Internet takes aim at Trump's Space Force https://t.co/4hgw46EhIl https://t.co/ByJT186I0x,0.0,0.0,1.0,0.0,44
@CNN,Tue Jun 19 00:31:07 +0000 2018,The Supreme Court rejected Democrats' challenge to districts they say were rigged on a partisan basis by Wisconsin‚Ä¶ https://t.co/k5jMI5ygZ1,-0.2263,0.198,0.567,0.235,45
@CNN,Tue Jun 19 00:29:36 +0000 2018,"RT @AC360: Anderson Cooper: When it comes to the administration‚Äôs policy of separating children from their parents, the response from Presi‚Ä¶",0.0,0.0,1.0,0.0,46
@CNN,Tue Jun 19 00:25:09 +0000 2018,Oregon Democratic Sen. Jeff Merkley tells @ErinBurnett that he thinks Department of Homeland Security Secretary Kir‚Ä¶ https://t.co/FKTLLgOIbw,0.34,0.13,0.87,0.0,47
@CNN,Tue Jun 19 00:21:04 +0000 2018,Qatar is pushing back against requests for documents that a Trump ally says would show the Gulf nation hacked his p‚Ä¶ https://t.co/lCp9PWPwkO,-0.4019,0.0,0.881,0.119,48
@CNN,Tue Jun 19 00:18:30 +0000 2018,"""It's a big coordinated strategy to result in tearing children away from their parents to send a political message‚Ä¶ https://t.co/4BdIdWLgEF",0.0,0.0,1.0,0.0,49
@CNN,Tue Jun 19 00:11:04 +0000 2018,"Ahead of midterm elections, Republicans are scrambling to distance themselves from the Trump administration's ""zero‚Ä¶ https://t.co/o8ikmv1qaN",0.0,0.0,1.0,0.0,50
@CNN,Tue Jun 19 00:10:10 +0000 2018,"RT @CNNSitRoom: ""Why so many meetings with the Russians? The Russians are our adversaries"" - Former DNI James Clapper reacts to former Trum‚Ä¶",-0.25,0.0,0.913,0.087,51
@CNN,Tue Jun 19 00:01:08 +0000 2018,"Microsoft is calling on the Trump administration to change a ""zero tolerance"" immigration policy that is separating‚Ä¶ https://t.co/YghF7mIQFr",0.296,0.121,0.879,0.0,52
@CNN,Mon Jun 18 23:56:15 +0000 2018,"As Disney pumps out a diverse array of films, and turns familiar stories into box office gold, CEO Bob Iger is borr‚Ä¶ https://t.co/J3pJ7jBSnL",0.0,0.0,1.0,0.0,53
@CNN,Mon Jun 18 23:51:04 +0000 2018,"The Pentagon says it has ""suspended all planning"" as expected for August joint military exercises with South Korea‚Ä¶ https://t.co/Q6rnyyAAOm",-0.4767,0.0,0.853,0.147,54
@CNN,Mon Jun 18 23:40:13 +0000 2018,Donald Trump is as popular as he's ever been (in 1 poll) | Analysis by @CillizzaCNN https://t.co/1YiO7en3kT https://t.co/RzNWHZ9U5g,0.4215,0.157,0.843,0.0,55
@CNN,Mon Jun 18 23:33:32 +0000 2018,"Nigerian celebrities, fashionistas and influencers gathered for a night of drama and elegance at the Ocean's 8 Lago‚Ä¶ https://t.co/Fvo4jFNfNF",0.4767,0.162,0.838,0.0,56
@CNN,Mon Jun 18 23:27:47 +0000 2018,"""I'm scared."" Former CIA Director Michael Hayden says he's concerned about what the Trump administration's practice‚Ä¶ https://t.co/rAOL6WGk2d",0.0,0.0,1.0,0.0,57
@CNN,Mon Jun 18 23:16:06 +0000 2018,Three reasons to (cautiously) celebrate Supreme Court on gerrymandering | By Joshua A. Douglas via @CNNOpinion‚Ä¶ https://t.co/xjFKH7VBf9,0.8074,0.343,0.657,0.0,58
@CNN,Mon Jun 18 23:08:54 +0000 2018,"Rapper XXXTentacion was shot and killed during an apparent robbery in Broward County, Florida, police said‚Ä¶ https://t.co/gQM6sZ9CCK",-0.6705,0.0,0.78,0.22,59
@CNN,Mon Jun 18 23:03:53 +0000 2018,Despite the ability of medication-assisted treatment drugs like methadone and buprenorphine to save the lives of pe‚Ä¶ https://t.co/AyrSJcNkq0,0.7906,0.348,0.652,0.0,60
@CNN,Mon Jun 18 23:02:34 +0000 2018,"RT @CNNSitRoom: ""It was very clear that these young people are being used as leverage, used as leverage to deter people from coming across‚Ä¶",0.4391,0.112,0.888,0.0,61
@CNN,Mon Jun 18 22:58:08 +0000 2018,Trump's long history of don't blame me-ism | Analysis by CNN's Z. Byron Wolf https://t.co/nVqo8hUjRU https://t.co/G0HOBpDcaG,0.2584,0.127,0.873,0.0,62
@CNN,Mon Jun 18 22:54:57 +0000 2018,Tiffany &amp; Co. is revamping its image to attract a younger crowd. And there are signs that it's working.‚Ä¶ https://t.co/mPFKTK7Fho,0.3612,0.122,0.878,0.0,63
@CNN,Mon Jun 18 22:43:03 +0000 2018,"RT @CNNSitRoom: ""The choice is binary: to separate the children or instead within 20 days to let the parents and the children go free into‚Ä¶",0.5106,0.121,0.879,0.0,64
@CNN,Mon Jun 18 22:41:37 +0000 2018,"An officer in Mesa, AZ, fatally shot a man who raised a BB gun at officers, police say.

The news comes as the Mesa‚Ä¶ https://t.co/a4zHFjytQ3",-0.765,0.0,0.761,0.239,65
@CNN,Mon Jun 18 22:36:05 +0000 2018,"Children who were separated from their parents at the US border can be heard crying out for ""Mami"" and ""Papa"" in di‚Ä¶ https://t.co/crIdrOzhh0",-0.4767,0.0,0.876,0.124,66
@CNN,Mon Jun 18 22:11:22 +0000 2018,Michigan's governor declares a state of emergency in response to devastating floods that ravaged the state's Upper‚Ä¶ https://t.co/PTnBozWe7n,-0.7845,0.0,0.685,0.315,67
@CNN,Mon Jun 18 22:01:00 +0000 2018,"All five living first ladies ‚Äî three Democrats and two Republicans ‚Äî have criticized the White House's ""zero-tolera‚Ä¶ https://t.co/vEhGST1gzQ",-0.3612,0.0,0.865,0.135,68
@CNN,Mon Jun 18 21:44:46 +0000 2018,A bus company employee in Maine told a group of passengers they had to be US citizens in order to ride a bus after‚Ä¶ https://t.co/v3ZlF5VwKn,0.0,0.0,1.0,0.0,69
@CNN,Mon Jun 18 21:31:04 +0000 2018,An armed civilian intervened and fatally shot a suspect who police said had shot two people and was attempting an a‚Ä¶ https://t.co/O0LcdPTosM,-0.7506,0.0,0.748,0.252,70
@CNN,Mon Jun 18 21:21:28 +0000 2018,"""Flying through space, for me, is a bit surreal. Flying over this place that I came to when I was twelve."" -‚Ä¶ https://t.co/wKuw5u3gfO",0.0,0.0,1.0,0.0,71
@CNN,Mon Jun 18 21:17:11 +0000 2018,DHS Secretary Kirstjen Nielsen talks with reporters about immigration as the White House holds a press briefing. Wa‚Ä¶ https://t.co/Czo8XHzlU6,0.0,0.0,1.0,0.0,72
@CNN,Mon Jun 18 21:12:41 +0000 2018,"Former first ladies Hillary Clinton and Michelle Obama provided a signal boost to another former first lady, Laura‚Ä¶ https://t.co/5G1oU9Yqln",0.4019,0.137,0.863,0.0,73
@CNN,Mon Jun 18 21:01:12 +0000 2018,RT @TheLeadCNN: .@JakeTapper: Today President Trump continued his false claim that his new policy of separating families at the border is b‚Ä¶,0.0,0.0,1.0,0.0,74
@CNN,Mon Jun 18 21:01:05 +0000 2018,Special counsel Mueller's investigation into President Trump and Russia was effectively on trial at the first congr‚Ä¶ https://t.co/x9VFZ8WVrL,0.6808,0.259,0.741,0.0,75
@CNN,Mon Jun 18 20:51:08 +0000 2018,Children and parents are being separated at the border. Here's what we know https://t.co/d5wCK0GlZj https://t.co/fsU1flICM8,0.0,0.0,1.0,0.0,76
@CNN,Mon Jun 18 20:41:06 +0000 2018,Beyonc√© and Jay-Z's album lyrics: Settling scores? https://t.co/mFyTVk3Ppo https://t.co/OxZvEtFEyH,0.0,0.0,1.0,0.0,77
@CNN,Mon Jun 18 20:31:08 +0000 2018,CNN's Brooke Baldwin reveals her dream to be an astronaut https://t.co/LHjiNJzeFy https://t.co/lQHIiWfslH,0.25,0.154,0.846,0.0,78
@CNN,Mon Jun 18 20:23:35 +0000 2018,"RT @CNNnewsroom: ""One clarifying matter at the outset: The report did, in fact, find bias ... What was not found, was any smoking gun indic‚Ä¶",-0.4019,0.041,0.818,0.141,79
@CNN,Mon Jun 18 20:21:04 +0000 2018,"A Trump supporter disrupted Robert De Niro's ""Bronx Tale"" musical on Broadway, holding up a large ""Trump 2020"" bann‚Ä¶ https://t.co/zqtgj9w2ks",0.2732,0.11,0.89,0.0,80
@CNN,Mon Jun 18 20:13:34 +0000 2018,"RT @CNNnewsroom: ""Flying through space, for me, is a bit surreal. Flying over this place that I came to when I was twelve."" @BrookeBCNN on‚Ä¶",0.0,0.0,1.0,0.0,81
@CNN,Mon Jun 18 20:13:16 +0000 2018,Two-thirds of Americans disapprove of the Trump administration's policy that results in family separation at the bo‚Ä¶ https://t.co/m6OhS9FVUf,0.0,0.0,1.0,0.0,82
@CNN,Mon Jun 18 20:13:07 +0000 2018,A terrified 9-year-old boy's story symbolizes Trump's policy | By New York Mayor Bill de Blasio via @CNNOpinion https://t.co/BFmTTEpL4l,-0.6124,0.0,0.8,0.2,83
@CNN,Mon Jun 18 20:12:53 +0000 2018,"RT @CNNMoney: Dow sinks early on trade fears, but trims losses to finish down 103 points. S&amp;P ends down 0.2%, Nasdaq flat. https://t.co/wBm‚Ä¶",-0.6652,0.0,0.794,0.206,84
@CNN,Mon Jun 18 20:10:13 +0000 2018,Hillary Clinton said President Trump's claim that the Democrats were to blame for the practice of separating famili‚Ä¶ https://t.co/RxYPNxNY5t,-0.34,0.0,0.882,0.118,85
@CNN,Mon Jun 18 20:03:07 +0000 2018,California Democratic Sen. Kamala Harris has called for the resignation of DHS Secretary Kirstjen Nielsen over fami‚Ä¶ https://t.co/MrLb5iH514,-0.296,0.0,0.885,0.115,86
@CNN,Mon Jun 18 19:59:34 +0000 2018,"Hillary Clinton said separating families at the border is a ‚Äúmoral and humanitarian crisis,‚Äù and that ‚Äúevery human‚Ä¶ https://t.co/tCnJuPe7Ys",0.0,0.0,1.0,0.0,87
@CNN,Mon Jun 18 19:51:08 +0000 2018,Senate Republicans did not want another immigration fight. Now they might not have a choice. https://t.co/gMLWkTESi8 https://t.co/QV6obh6vKM,-0.4257,0.0,0.786,0.214,88
@CNN,Mon Jun 18 19:41:06 +0000 2018,"Biotech billionaire Dr. Patrick Soon-Shiong takes control of the Los Angeles Times, bringing the newspaper back und‚Ä¶ https://t.co/yUEPH23lQT",0.0,0.0,1.0,0.0,89
@CNN,Mon Jun 18 19:36:42 +0000 2018,"We‚Äôre near the US-Mexico border in California, where House Minority Leader Nancy Pelosi and other Democratic leader‚Ä¶ https://t.co/TWPAKDkq96",0.0,0.0,1.0,0.0,90
@CNN,Mon Jun 18 19:31:07 +0000 2018,"An airstrike close to the Iraq-Syria border Sunday was carried out by Israel, and not by the US or the coalition fi‚Ä¶ https://t.co/rIwEMzhcjH",0.0,0.0,1.0,0.0,91
@CNN,Mon Jun 18 19:21:04 +0000 2018,Ivanka Trump's deafening silence | By Anushay Hossain via @CNNOpinion https://t.co/6MVX7fbHkN https://t.co/ZdjZyJo7tL,-0.296,0.0,0.82,0.18,92
@CNN,Mon Jun 18 19:10:10 +0000 2018,"President Donald Trump described the relationship between the Air Force and his newest military branch, the Space F‚Ä¶ https://t.co/Mfey1fdAle",0.0,0.0,1.0,0.0,93
@CNN,Mon Jun 18 19:01:15 +0000 2018,"""The people there, I don't think they knew that they might be separated from their kids after these pictures were t‚Ä¶ https://t.co/WJZ7tU39KO",0.0,0.0,1.0,0.0,94
@CNN,Mon Jun 18 19:00:08 +0000 2018,Donald Trump's Twitter feed is getting more and more bizarre | Analysis by @CillizzaCNN https://t.co/3fq4omCwE3 https://t.co/AOsmnIc5ar,-0.4323,0.0,0.831,0.169,95
@CNN,Mon Jun 18 18:55:43 +0000 2018,"""The mother had to set down her daughter to be body-searched, to be frisked, before she was loaded into a van and t‚Ä¶ https://t.co/3HzCTUtZhe",0.0,0.0,1.0,0.0,96
@CNN,Mon Jun 18 18:50:09 +0000 2018,Former CIA Director Michael Hayden says his tweet invoking a Nazi concentration camp to criticize the separation of‚Ä¶ https://t.co/2sn1exTs3e,-0.3818,0.0,0.867,0.133,97
@CNN,Mon Jun 18 18:40:07 +0000 2018,"In a rare public admonishment of the Trump administration, former first lady Laura Bush calls separating families a‚Ä¶ https://t.co/8X1gdaoWkU",0.0,0.0,1.0,0.0,98
@CNN,Mon Jun 18 18:30:13 +0000 2018,Photos of a crying 2-year-old girl are quickly becoming the human face of President Trump‚Äôs new ‚Äúzero-tolerance‚Äù im‚Ä¶ https://t.co/zjfzmZAm7o,-0.4767,0.0,0.846,0.154,99
@FoxNews,Tue Jun 19 05:53:00 +0000 2018,Ex-CIA engineer accused of leaking hacking docs to WikiLeaks charged in massive 'Vault 7' security breach https://t.co/XZc7dS2jeh,-0.1531,0.118,0.686,0.196,0
@FoxNews,Tue Jun 19 05:45:00 +0000 2018,"Rep. @NancyPelosi on children being separated from their families at the border: ""This is not about immigration. Th‚Ä¶ https://t.co/qmiUotFk7o",0.0,0.0,1.0,0.0,1
@FoxNews,Tue Jun 19 05:38:00 +0000 2018,".@POTUS shows off a ""Space Policy Directive"" after signing it at a National Space Council meeting at the‚Ä¶ https://t.co/03JcBL1vFJ",0.0,0.0,1.0,0.0,2
@FoxNews,Tue Jun 19 05:30:00 +0000 2018,Inspector General Horowitz: ‚ÄúI can‚Äôt think of something more concerning than a law enforcement officer suggesting t‚Ä¶ https://t.co/sfvQXzoPYe,0.0,0.0,1.0,0.0,3
@FoxNews,Tue Jun 19 05:23:00 +0000 2018,Indiana state trooper lauded as 'hero' for pulling over 'slowpoke' driver https://t.co/ejJeVTg5jH,0.0,0.0,1.0,0.0,4
@FoxNews,Tue Jun 19 05:15:00 +0000 2018,".@POTUS: ‚ÄúIf the Democrats would sit down instead of obstructing, we could have something done very quickly...What'‚Ä¶ https://t.co/bkkGMyLd9u",0.0,0.0,1.0,0.0,5
@FoxNews,Tue Jun 19 05:07:00 +0000 2018,.@FBI Director Christopher Wray and Inspector General Michael Horowitz are sworn in to testify before the Senate Ju‚Ä¶ https://t.co/sJ4SMkFECq,0.0,0.0,1.0,0.0,6
@FoxNews,Tue Jun 19 05:03:11 +0000 2018,"One man in Greenbelt, Maryland rushed to cover Master Police officer Hawkins with an umbrella after the officer sto‚Ä¶ https://t.co/miaIsaWeXN",0.0,0.0,1.0,0.0,7
@FoxNews,Tue Jun 19 05:00:00 +0000 2018,".@seanhannity: ""Any other American, all of you out there, would have been locked up, thrown in prison, for exactly‚Ä¶ https://t.co/kmhg2JjD56",-0.5106,0.0,0.852,0.148,8
@FoxNews,Tue Jun 19 04:53:00 +0000 2018,Dad battling brain cancer shows no sign of tumor regrowth after clinical trial https://t.co/vgGegLjxvG,-0.8834,0.0,0.469,0.531,9
@FoxNews,Tue Jun 19 04:45:00 +0000 2018,.@PressSec: ‚ÄúWe want to secure the border...This is a broken system and we've got to quit ignoring it.‚Äù https://t.co/nQfWqGso1I,-0.4767,0.157,0.596,0.247,10
@FoxNews,Tue Jun 19 04:38:00 +0000 2018,Customer revolted at gross instructions on burger receipt: 'Please spit in it too' https://t.co/tep7YKcasv,-0.2023,0.132,0.69,0.178,11
@FoxNews,Tue Jun 19 04:30:00 +0000 2018,A young girl who hates taking naps escaped her crib with the help of her older brother. https://t.co/aRGj0Zmrk2,-0.0516,0.131,0.728,0.141,12
@FoxNews,Tue Jun 19 04:23:00 +0000 2018,"At the National Space Council meeting, @POTUS commented on national security. https://t.co/xZP8wP6pQx",0.34,0.179,0.821,0.0,13
@FoxNews,Tue Jun 19 04:15:00 +0000 2018,".@David_Bossie: ""Let's not forget that if parents don't bring their children and cross over illegally, they're not‚Ä¶ https://t.co/sxSqBDitHn",0.1695,0.089,0.911,0.0,14
@FoxNews,Tue Jun 19 04:10:44 +0000 2018,"Sessions rebukes critics who compare border situation to Nazi Germany: 'Fundamentally, we're enforcing the law' https://t.co/ucUOmL9NCR",-0.296,0.0,0.872,0.128,15
@FoxNews,Tue Jun 19 04:05:00 +0000 2018,"Carjacking suspect dead outside @Walmart store after armed citizens take action, police say https://t.co/NWQErf8Xc6 https://t.co/OScDZI5b8r",-0.7579,0.0,0.667,0.333,16
@FoxNews,Tue Jun 19 04:01:00 +0000 2018,".@POTUS: ""The United States will not be a migrant camp, and it will not be a refugee holding facility.‚Äù https://t.co/wwCkZqSrXA",0.4215,0.141,0.859,0.0,17
@FoxNews,Tue Jun 19 03:53:00 +0000 2018,"Federal judge tosses Kansas voter ID law, orders state's top prosecutor to undergo legal training https://t.co/PwFx6jdVmF",0.3182,0.191,0.809,0.0,18
@FoxNews,Tue Jun 19 03:45:58 +0000 2018,".@kayleighmcenany: ""[President @realDonaldTrump] does not want to separate families‚Äì he has said that repeatedly. H‚Ä¶ https://t.co/QY5xFJnCgY",-0.0572,0.0,0.925,0.075,19
@FoxNews,Tue Jun 19 03:41:12 +0000 2018,".@adrienneelrod: ""To separate [children from their parents] is absolutely unforgivable."" @foxnewsnight https://t.co/lf9W5EfLF0",0.0,0.0,1.0,0.0,20
@FoxNews,Tue Jun 19 03:35:22 +0000 2018,Chadwick Boseman gives 'Best Hero' award at 2018 #MTVAwards to Waffle House hero James Shaw Jr. https://t.co/dJq7a5HDlP,0.9423,0.534,0.466,0.0,21
@FoxNews,Tue Jun 19 03:29:24 +0000 2018,".@MZHemingway: ""This failure to comply with congressional oversight and subpoenas is actually something of a consti‚Ä¶ https://t.co/XBrawAGO0X",-0.5106,0.0,0.82,0.18,22
@FoxNews,Tue Jun 19 03:23:11 +0000 2018,".@LindseyGrahamSC: ""We learned today that the head investigator of the Clinton email investigation hated Trump's gu‚Ä¶ https://t.co/RMsOFDWDGU",-0.6369,0.0,0.792,0.208,23
@FoxNews,Tue Jun 19 03:17:34 +0000 2018,".@LindseyGrahamSC: ""We don't want to break families up, but we do want to make sure that people [who] are caught co‚Ä¶ https://t.co/qprgnubi8p",0.3624,0.121,0.779,0.1,24
@FoxNews,Tue Jun 19 03:12:42 +0000 2018,Two former first ladies speak out against separating families at the border https://t.co/8NEBaHZxwH https://t.co/xHDFjIBu9E,0.0,0.0,1.0,0.0,25
@FoxNews,Tue Jun 19 03:03:00 +0000 2018,Spain takes in boat packed with hundreds of refugees after Italy turns it away. https://t.co/kdZlTQaNJx,0.0,0.0,1.0,0.0,26
@FoxNews,Tue Jun 19 02:57:52 +0000 2018,Sailors assigned to the USS George H.W. Bush (CVN 77) cleaned the ‚ÄúHomecoming‚Äù statue at Norfolk‚Äôs Town Point Park‚Ä¶ https://t.co/S5H7bgzTIZ,0.0,0.0,1.0,0.0,27
@FoxNews,Tue Jun 19 02:49:17 +0000 2018,"Attorney General Sessions on delay in document requests from Congress: ""We have a responsibility to produce the doc‚Ä¶ https://t.co/qhCEyqBa1N",-0.3182,0.0,0.881,0.119,28
@FoxNews,Tue Jun 19 02:42:04 +0000 2018,"Attorney General Jeff Sessions: ""We want to allow asylum for people who qualify for it, but people who want economi‚Ä¶ https://t.co/qwcV5McIRV",0.2617,0.184,0.816,0.0,29
@FoxNews,Tue Jun 19 02:36:44 +0000 2018,"Attorney General Jeff Sessions: ""We want to end this process of children being brought across dangerous territory,‚Ä¶ https://t.co/lf7d7pncOf",-0.4215,0.064,0.784,0.152,30
@FoxNews,Tue Jun 19 02:29:58 +0000 2018,"Attorney General Jeff Sessions on illegal immigrant children being separated from their parents: ""We're doing the r‚Ä¶ https://t.co/41mqmorgcC",-0.5574,0.0,0.825,0.175,31
@FoxNews,Tue Jun 19 02:25:09 +0000 2018,".@IngrahamAngle: ""The American people are footing a really big bill for what is tantamount to a slow rolling invasi‚Ä¶ https://t.co/9MrGyox7ht",0.0,0.0,1.0,0.0,32
@FoxNews,Tue Jun 19 02:19:04 +0000 2018,'The IG Has a Lot of Explaining to Do': @seanhannity Rips Feds' Investigator After 'No Bias' Assertion. https://t.co/DZJmOVhMpz,-0.3818,0.0,0.806,0.194,33
@FoxNews,Tue Jun 19 02:09:16 +0000 2018,".@IngrahamAngle: ""The United States is not an open repatriation center."" https://t.co/hojXezHPe1",0.4215,0.219,0.781,0.0,34
@FoxNews,Tue Jun 19 02:05:00 +0000 2018,"During congressional testimony Monday, FBI Director Christopher Wray disputed allegations that Special Counsel Robe‚Ä¶ https://t.co/R0Vgir5auj",0.0772,0.149,0.718,0.133,35
@FoxNews,Tue Jun 19 01:57:03 +0000 2018,"""Rest in peace I never told you how much you inspired me when you were here thank you for existing,"" @kanyewest cap‚Ä¶ https://t.co/coxLbZ3BrT",0.8481,0.326,0.674,0.0,36
@FoxNews,Tue Jun 19 01:55:00 +0000 2018,"COMING UP: Attorney General Jeff Sessions reacts LIVE to the controversy at the border. Tune in to ""The‚Ä¶ https://t.co/DFf5uheJKy",0.0,0.0,1.0,0.0,37
@FoxNews,Tue Jun 19 01:49:53 +0000 2018,".@newtgingrich: ""We should conclude that the American left is quite comfortable with corruption because it so deepl‚Ä¶ https://t.co/GrnIq8RkzU",0.5563,0.174,0.826,0.0,38
@FoxNews,Tue Jun 19 01:45:45 +0000 2018,"In a new op-ed, @TomFitton wrote, ""The @FBI's cover-ups and stonewalling on Wray's watch add to his credibility pro‚Ä¶ https://t.co/CTW4vSbELD",0.0,0.0,1.0,0.0,39
@FoxNews,Tue Jun 19 01:44:43 +0000 2018,Pentagon confirms halt of August war games with South Korea https://t.co/PdvWZJEdTS,-0.5994,0.0,0.719,0.281,40
@FoxNews,Tue Jun 19 01:40:37 +0000 2018,".@jasoninthehouse: ""[Congress] needs to unmask the @FBI agents and attorneys that were engaged...That will allow Co‚Ä¶ https://t.co/FAYgxh5cgj",0.2263,0.106,0.894,0.0,41
@FoxNews,Tue Jun 19 01:33:13 +0000 2018,Principal who sparked backlash for inviting anti-police extremist to 'Career Day' suddenly retires https://t.co/vbrakYZ10r,0.3182,0.15,0.85,0.0,42
@FoxNews,Tue Jun 19 01:32:00 +0000 2018,".@GreggJarrett: ""Today's best moment really happened on the cross examination by Senator @LindseyGrahamSC when he s‚Ä¶ https://t.co/uDoB0lJQ78",0.6369,0.208,0.792,0.0,43
@FoxNews,Tue Jun 19 01:24:50 +0000 2018,".@seanhannity: ""No one likes the idea of separating any child from any parent, but this issue has been in the hands‚Ä¶ https://t.co/cX2M6bZ7Dv",0.0772,0.081,0.851,0.068,44
@FoxNews,Tue Jun 19 01:17:49 +0000 2018,Recording of crying children at US border adds to outrage https://t.co/NZZT6Gpdar https://t.co/gIOqGS2y0o,-0.7506,0.0,0.61,0.39,45
@FoxNews,Tue Jun 19 01:15:00 +0000 2018,"Armed man who shot, killed @Walmart gunman is a pastor, report says https://t.co/K4QJllPLDz",-0.6705,0.0,0.71,0.29,46
@FoxNews,Tue Jun 19 01:09:39 +0000 2018,".@seanhannity: ""Any other American, all of you out there, would have been locked up, thrown in prison, for exactly‚Ä¶ https://t.co/0f2VyeXGWN",-0.5106,0.0,0.852,0.148,47
@FoxNews,Tue Jun 19 01:05:00 +0000 2018,"During a briefing on Monday, @PressSec Sarah Sanders touched on border security, stating that ""the president wants‚Ä¶ https://t.co/UM8rWAppgU",0.34,0.13,0.87,0.0,48
@FoxNews,Tue Jun 19 00:57:43 +0000 2018,Years of backlash: Obama policy on illegal immigrants' children was also slammed by critics. https://t.co/4pS1EbQzKa,-0.7003,0.0,0.691,0.309,49
@FoxNews,Tue Jun 19 00:51:45 +0000 2018,Rev. Jeffress Reacts to Dallas Mayor Who Pressured Removal of 'America Is a Christian Nation' Billboard. https://t.co/LqxFJKp4tv,-0.2263,0.0,0.888,0.112,50
@FoxNews,Tue Jun 19 00:41:22 +0000 2018,Restaurant sign declaring 'guns are welcome' sparks heated debate. https://t.co/fTBA5MRUyd,0.4588,0.25,0.75,0.0,51
@FoxNews,Tue Jun 19 00:41:00 +0000 2018,"TONIGHT: Attorney General Jeff Sessions reacts LIVE to the controversy at the border. Tune in to ""The‚Ä¶ https://t.co/ydIo9zZmmt",0.0,0.0,1.0,0.0,52
@FoxNews,Tue Jun 19 00:31:59 +0000 2018,Republicans demand names of anti-Trump FBI employees from bombshell IG report. https://t.co/HtDQdgLszG,-0.128,0.0,0.88,0.12,53
@FoxNews,Tue Jun 19 00:27:17 +0000 2018,"Don Rosenberg, father of man killed by illegal immigrant: ""I've been furious about the Democratic response to illeg‚Ä¶ https://t.co/yLbJajtuJZ",-0.9153,0.0,0.576,0.424,54
@FoxNews,Tue Jun 19 00:20:44 +0000 2018,".@ICEgov Acting Director Thomas Homan: ""As far as the separation of families are concerned, you'd have to put the b‚Ä¶ https://t.co/3zua7eSg8X",0.0,0.0,1.0,0.0,55
@FoxNews,Tue Jun 19 00:10:23 +0000 2018,RT @FoxBusiness: JUST IN: Trump threatens to slap China with $200 billion in new tariffs https://t.co/eJukFGAnAj,-0.25,0.088,0.769,0.143,56
@FoxNews,Tue Jun 19 00:09:57 +0000 2018,".@TuckerCarlson: ""This is one of those moments that tells you everything about our ruling class. They care far more‚Ä¶ https://t.co/lhMMxK2BUP",0.4939,0.144,0.856,0.0,57
@FoxNews,Tue Jun 19 00:06:56 +0000 2018,".@robertjeffress: ""Liberals are the most intolerant people of all when it comes to ideas they disagree with.""‚Ä¶ https://t.co/Ulrwhgl1Qq",-0.3818,0.0,0.867,0.133,58
@FoxNews,Tue Jun 19 00:02:32 +0000 2018,".@HillaryClinton took a swipe at Attorney General Jeff Sessions, who, on Thursday, cited the Bible to defend the bo‚Ä¶ https://t.co/odW5Ikstz3",0.0,0.0,1.0,0.0,59
@FoxNews,Tue Jun 19 00:02:15 +0000 2018,".@GOPChairwoman: ""[President @realDonaldTrump] talked about the issues that really mattered to everyday Americans a‚Ä¶ https://t.co/rRwj1pE7WW",0.0,0.0,1.0,0.0,60
@FoxNews,Mon Jun 18 23:56:54 +0000 2018,".@GOPChairwoman: ""People feel like this is a @POTUS who cared about them, that's why they voted to put him in offic‚Ä¶ https://t.co/lYkyzDsskE",0.6486,0.218,0.782,0.0,61
@FoxNews,Mon Jun 18 23:50:54 +0000 2018,".@JonSummersdc: ""If we aren't going to trust the inspector general, who's supposed to...take this non-biased approa‚Ä¶ https://t.co/9vWNeTwWGp",-0.4023,0.0,0.856,0.144,62
@FoxNews,Mon Jun 18 23:47:58 +0000 2018,Florida man wrangles alligator from 10-foot python's deadly grip in Everglades https://t.co/49JTz7qYfv,0.0,0.0,1.0,0.0,63
@FoxNews,Mon Jun 18 23:47:19 +0000 2018,".@JonSummersdc on the @FBI: ""Most of these people are hardworking people who work to keep the American people safe.‚Ä¶ https://t.co/M2elKhlK3v",0.0,0.0,1.0,0.0,64
@FoxNews,Mon Jun 18 23:42:51 +0000 2018,Rapper XXXTentacion dead at 20 after shooting https://t.co/oemCLXfENi,-0.6486,0.0,0.619,0.381,65
@FoxNews,Mon Jun 18 23:40:56 +0000 2018,".@ByronYork: ""You had Republicans making their case that the Horowitz report showed extensive evidence of bias...Yo‚Ä¶ https://t.co/Zw7XDqTzKx",0.0,0.0,1.0,0.0,66
@FoxNews,Mon Jun 18 23:33:09 +0000 2018,".@SenTedCruz introduces 'emergency' bill to keep immigrant families together, slams Dems' proposal https://t.co/DvArLTbNkN",0.0,0.0,1.0,0.0,67
@FoxNews,Mon Jun 18 23:31:37 +0000 2018,".@RepRatcliffe: ""Peter Strzok is a central witness in both the @HillaryClinton email investigation and the #Trump R‚Ä¶ https://t.co/WKvYVh3egF",0.0,0.0,1.0,0.0,68
@FoxNews,Mon Jun 18 23:26:28 +0000 2018,".@kanyewest, Diplo, and more stars react to rapper XXXTentacion's sudden death https://t.co/7pwB4BERSI",-0.5994,0.0,0.738,0.262,69
@FoxNews,Mon Jun 18 23:23:27 +0000 2018,"Ronald Vitiello: ""At the ports of entry, if they make [asylum] claims, they would not be separated."" #TheStory‚Ä¶ https://t.co/LJgRvlbtbD",0.0,0.0,1.0,0.0,70
@FoxNews,Mon Jun 18 23:16:44 +0000 2018,"Ronald Vitiello: ""We have to find a way to make this border safer."" #TheStory https://t.co/Xq0z6HN58n https://t.co/25rcNzlJZ4",0.0,0.0,1.0,0.0,71
@FoxNews,Mon Jun 18 23:12:29 +0000 2018,".@johnrobertsFox reports on widespread backlash over ""zero tolerance"" immigration policy https://t.co/Xq0z6HN58n https://t.co/RkKSrtEEkR",0.296,0.167,0.833,0.0,72
@FoxNews,Mon Jun 18 23:05:00 +0000 2018,"Earlier, Inspector General Michael Horowitz testified before the Senate Judiciary Committee on his report on the‚Ä¶ https://t.co/Up9RaKvAEu",0.0,0.0,1.0,0.0,73
@FoxNews,Mon Jun 18 23:03:48 +0000 2018,'@Comey Should Hear a Whistle on the Track': Turley Says Former @FBI Boss May See 'Train' of Investigations https://t.co/7caArvieFL,0.0,0.0,1.0,0.0,74
@FoxNews,Mon Jun 18 22:58:24 +0000 2018,".@NYGovCuomo released a statement Monday saying, ""We will not deploy National Guard to the border, and we will not‚Ä¶ https://t.co/zioqj1sM8F",0.0,0.0,1.0,0.0,75
@FoxNews,Mon Jun 18 22:55:43 +0000 2018,".@MZHemingway: ""There's a moral cost to separating children from their families and it is important that Democrats‚Ä¶ https://t.co/EsVG7oBH7Z",0.2023,0.101,0.899,0.0,76
@FoxNews,Mon Jun 18 22:45:36 +0000 2018,"TONIGHT: Attorney General Jeff Sessions reacts LIVE to the controversy at the border. Tune in to ""The‚Ä¶ https://t.co/UWUgEnluXQ",0.0,0.0,1.0,0.0,77
@FoxNews,Mon Jun 18 22:39:00 +0000 2018,The @WHO says compulsively playing video games now qualifies as a new mental health condition. #SpecialReport‚Ä¶ https://t.co/xPkRAK5HVe,0.2023,0.107,0.893,0.0,78
@FoxNews,Mon Jun 18 22:33:43 +0000 2018,MSNBC's Mika Brzezinski unloads on 'cowardly' Secretary Nielsen over briefing 'full of lies' https://t.co/CozNHBUpCN,-0.4215,0.0,0.823,0.177,79
@FoxNews,Mon Jun 18 22:29:20 +0000 2018,RT @EricShawnTV: Listen to former #Philadelphia Mob Boss #RalphNatale on how the mafia works. He chillingly describes a mob hit that he car‚Ä¶,0.0,0.0,1.0,0.0,80
@FoxNews,Mon Jun 18 22:28:37 +0000 2018,"'This Is Appalling': Sen. Hatch Rips Actions Noted in IG Report, Slams FBI Boss' Response. https://t.co/CmJHls5CLf",0.0,0.0,1.0,0.0,81
@FoxNews,Mon Jun 18 22:22:03 +0000 2018,".@JonathanTurley on the IG report: ""[@JusticeOIG's Michael Horowitz] actually found a lot of bias, it's just that h‚Ä¶ https://t.co/JU1jE933z2",-0.1027,0.0,0.924,0.076,82
@FoxNews,Mon Jun 18 22:15:49 +0000 2018,Inspector General Horowitz: ‚ÄúI can‚Äôt think of something more concerning than a law enforcement officer suggesting t‚Ä¶ https://t.co/Ekg1tBgNYe,0.0,0.0,1.0,0.0,83
@FoxNews,Mon Jun 18 22:15:37 +0000 2018,"Rep. @NancyPelosi on children being separated from their families at the border: ""This is not about immigration. Th‚Ä¶ https://t.co/1ykcaVQuVA",0.0,0.0,1.0,0.0,84
@FoxNews,Mon Jun 18 22:09:27 +0000 2018,"The team you trust. The network you love.

Watch 'Tucker Carlson Tonight,' weeknights at 8p ET. https://t.co/aMCUQIPpnS",0.8176,0.333,0.667,0.0,85
@FoxNews,Mon Jun 18 22:04:15 +0000 2018,.@PressSec: ‚ÄúWe want to secure the border...This is a broken system and we've got to quit ignoring it.‚Äù https://t.co/QzlXZBaUxG,-0.4767,0.157,0.596,0.247,86
@FoxNews,Mon Jun 18 21:58:14 +0000 2018,.@PressSec: ‚ÄúThe president‚Äôs been clear. He was obviously very involved in his campaign and he‚Äôs laid out a number‚Ä¶ https://t.co/Bfk1ul0ode,0.3818,0.126,0.874,0.0,87
@FoxNews,Mon Jun 18 21:57:43 +0000 2018,".@donnabrazile: ""There's no federal law that says that you must separate children from their families. That's the l‚Ä¶ https://t.co/pbma6PsIkx",-0.296,0.0,0.891,0.109,88
@FoxNews,Mon Jun 18 21:54:12 +0000 2018,.@PressSec: ‚ÄúThe president wants to fix the system and we're committed to doing that.‚Äù https://t.co/w71rWn5M1Y,0.2732,0.13,0.87,0.0,89
@FoxNews,Mon Jun 18 21:50:08 +0000 2018,".@SecNielsen: ‚ÄúIf you‚Äôre seeking asylum, go to a port of entry. You do not need to break the law of the United Stat‚Ä¶ https://t.co/VhzkfZ3szZ",0.4215,0.113,0.887,0.0,90
@FoxNews,Mon Jun 18 21:38:30 +0000 2018,.@SecNielsen: ‚ÄúDHS is not separating families legitimately seeking asylum at ports of entry.‚Äù‚Ä¶ https://t.co/xyGr8baaGm,0.0,0.0,1.0,0.0,91
@FoxNews,Mon Jun 18 21:33:56 +0000 2018,.@SecNielsen: ‚ÄúThis administration did not create a policy of separating families at the border.‚Äù‚Ä¶ https://t.co/Naa8eSq7wr,-0.2057,0.0,0.878,0.122,92
@FoxNews,Mon Jun 18 21:29:10 +0000 2018,.@SecNielsen: ‚ÄúWe need Congress to fully fund our ability to hold families together through the immigration process‚Ä¶ https://t.co/0fAmPWsCTb,0.3744,0.131,0.869,0.0,93
@FoxNews,Mon Jun 18 21:25:02 +0000 2018,"JUST IN: DHS head Nielsen says immigration crisis 'is not new,' product of legislative loopholes https://t.co/y9a4lDd9E8",-0.6249,0.0,0.785,0.215,94
@FoxNews,Mon Jun 18 21:24:32 +0000 2018,.@SecNielsen: ‚ÄúWe are a country of compassion. We are a country of heart. We must fix the system so that those who‚Ä¶ https://t.co/PSqniOKUQf,0.4588,0.13,0.87,0.0,95
@FoxNews,Mon Jun 18 21:21:12 +0000 2018,"‚ÄúApprehension without detention and removal is not border security.‚Äù

.@SecNielsen addresses immigration https://t.co/AFZTumvXYS",0.2755,0.15,0.85,0.0,96
@FoxNews,Mon Jun 18 21:12:11 +0000 2018,.@PressSec Sarah Sanders holds a @WhiteHouse press briefing with @DHSgov @SecNielsen.  https://t.co/LCry6DqsCM,0.0,0.0,1.0,0.0,97
@FoxNews,Mon Jun 18 21:03:17 +0000 2018,Food stamp enrollment falls to an 8-year low as @POTUS clamps down on fraud and the economy improves. https://t.co/5rkMwsIlBh,-0.4767,0.113,0.648,0.239,98
@FoxNews,Mon Jun 18 20:53:28 +0000 2018,'Do You Believe in the Tooth Fairy?': Sen. John Kennedy Presses Inspector General for Finding 'No Bias' https://t.co/bG6EgWBlsc,-0.3818,0.0,0.816,0.184,99
@NYTimes,Tue Jun 19 05:49:28 +0000 2018,"2 years ago, NASA dismissed and mocked an amateur who criticized a database of asteroid findings. Now Nathan Myhrvo‚Ä¶ https://t.co/S0RjTUfEeu",-0.5859,0.0,0.769,0.231,0
@NYTimes,Tue Jun 19 05:32:06 +0000 2018,"RT @dgelles: ‚ÄúRace relations has been a challenging topic in America for centuries,‚Äù Kevin Johnson, the CEO of @Starbucks tells me. ‚ÄúThe re‚Ä¶",0.1531,0.071,0.929,0.0,1
@NYTimes,Tue Jun 19 05:11:13 +0000 2018,"Napoleon‚Äôs Hat, Dropped at Waterloo, Is Picked Up at Auction for $400,000 https://t.co/4yooAl3Mgb",0.0,0.0,1.0,0.0,2
@NYTimes,Tue Jun 19 05:00:24 +0000 2018,"Peter Buttigieg, a rising star in the Democratic Party, once wondered: ‚ÄúHow does a sitting mayor in Indiana who‚Äôs g‚Ä¶ https://t.co/Oiq24BMaU9",0.4019,0.13,0.87,0.0,3
@NYTimes,Tue Jun 19 04:44:05 +0000 2018,"RT @nytimesworld: Kim Jong-un arrives in China as a trade war between Washington and Beijing intensifies, giving him an opportunity to play‚Ä¶",0.0772,0.192,0.664,0.144,4
@NYTimes,Tue Jun 19 04:22:05 +0000 2018,"RT @nytopinion: If Republican lawmakers have any sense of self-preservation, much less moral decency, they will refuse to engage with Presi‚Ä¶",0.0516,0.102,0.805,0.093,5
@NYTimes,Tue Jun 19 04:02:01 +0000 2018,"A hat said to be Napoleon's has been auctioned off for over $400,000 in France https://t.co/D3erJ99rcv",0.0,0.0,1.0,0.0,6
@NYTimes,Tue Jun 19 03:56:52 +0000 2018,IBM Unveils System That ‚ÄòDebates‚Äô With Humans https://t.co/HS83AaOEwo,0.0,0.0,1.0,0.0,7
@NYTimes,Tue Jun 19 03:47:04 +0000 2018,The Trump administration's tariffs on aluminum are setting off a fight in an arcane corner of the financial markets https://t.co/d1VgrngnnT,-0.3818,0.0,0.874,0.126,8
@NYTimes,Tue Jun 19 03:32:06 +0000 2018,"One of the trees in the Mariposa Grove of giant sequoias in Yosemite National Park is estimated to be 1,800 years o‚Ä¶ https://t.co/tx6rfa1hnf",0.0,0.0,1.0,0.0,9
@NYTimes,Tue Jun 19 03:23:31 +0000 2018,RT @nytpolitics: President Trump‚Äôs homeland security secretary said the number of immigrants fraudulently posing as families has tripled. T‚Ä¶,0.4019,0.179,0.821,0.0,10
@NYTimes,Tue Jun 19 03:02:03 +0000 2018,"A federal judge said Kris Kobach, the Kansas secretary of state, failed during a trial to show evidence of widespre‚Ä¶ https://t.co/ImTrv2SNQG",-0.5106,0.0,0.845,0.155,11
@NYTimes,Tue Jun 19 02:47:04 +0000 2018,RT @NYTNational: Republican senators in North Carolina unveiled legislation that would eliminate the final Saturday of early voting in stat‚Ä¶,0.0,0.0,1.0,0.0,12
@NYTimes,Tue Jun 19 02:33:06 +0000 2018,"Small businesses could band together to make their own insurance plans, skirting the Affordable Care Act, under a n‚Ä¶ https://t.co/vR01lfASZU",0.4939,0.151,0.849,0.0,13
@NYTimes,Tue Jun 19 02:21:02 +0000 2018,Tim Cook has been pleading with the Trump White House to understand that a trade war is bad for the economy ‚Äî and b‚Ä¶ https://t.co/M7l6HsxGAJ,-0.8126,0.0,0.739,0.261,14
@NYTimes,Tue Jun 19 02:08:04 +0000 2018,"‚ÄúMami!‚Äù the children‚Äôs voices cry out, between sobs. ‚ÄúPap√°!‚Äù

A recording of immigrant children calling out for the‚Ä¶ https://t.co/if7K5O8J1C",-0.8011,0.0,0.69,0.31,15
@NYTimes,Tue Jun 19 01:57:03 +0000 2018,"-Men‚Äôs earnings increase by 6% when they become fathers
-A woman's hourly wages decrease by 4% with each child

(Th‚Ä¶ https://t.co/1Dq4JyIxg4",0.3182,0.103,0.897,0.0,16
@NYTimes,Tue Jun 19 01:47:04 +0000 2018,"RT @nytopinion: .@PaulKrugman: What does American goodness have to do with American power, let alone world trade? The answer is that for 70‚Ä¶",0.25,0.115,0.808,0.077,17
@NYTimes,Tue Jun 19 01:32:02 +0000 2018,President Trump said that he would direct the Pentagon to establish a sixth branch of the armed forces dedicated to‚Ä¶ https://t.co/RgiAAQrSi8,0.4588,0.136,0.864,0.0,18
@NYTimes,Tue Jun 19 01:17:03 +0000 2018,"RT @maggieNYT: Trump aides have encouraged him that the media is cherry-picking photos to show those of kids in cages, and aides have assur‚Ä¶",0.3612,0.098,0.902,0.0,19
@NYTimes,Tue Jun 19 01:02:06 +0000 2018,Evening Briefing: Here's what you need to know at the end of the day https://t.co/6KWMKrriHB,0.0,0.0,1.0,0.0,20
@NYTimes,Tue Jun 19 00:47:02 +0000 2018,"U.N. high commissioner for human rights: ""The thought that any state would seek to deter parents by inflicting such‚Ä¶ https://t.co/dHCoO6Ew3B",0.0,0.0,1.0,0.0,21
@NYTimes,Tue Jun 19 00:32:05 +0000 2018,"President Trump threatened tariffs on an additional $200 billion worth of Chinese goods, escalating a trade war wit‚Ä¶ https://t.co/dfL2qosfnF",-0.7184,0.08,0.63,0.29,22
@NYTimes,Tue Jun 19 00:17:03 +0000 2018,"RT @NYTNational: ‚ÄúMami!‚Äù the children‚Äôs voices cry out, between sobs. ‚ÄúPap√°!‚Äù https://t.co/cjC7thRkDB",-0.8011,0.0,0.582,0.418,23
@NYTimes,Tue Jun 19 00:02:07 +0000 2018,"In Opinion, Contributing Writer Margaret Renkl writes: 

""A dog loves a person the way people love each other only‚Ä¶ https://t.co/E35OEQQ9E3",0.836,0.317,0.683,0.0,24
@NYTimes,Mon Jun 18 23:47:28 +0000 2018,"The Senate voted to reinstate tough penalties on ZTE, setting up a clash with the White House https://t.co/ks6RlmmTHG",-0.128,0.0,0.914,0.086,25
@NYTimes,Mon Jun 18 23:32:05 +0000 2018,"Extreme heat advisories were in place in more than a dozen states in the Midwest and Northeast, but relief is on th‚Ä¶ https://t.co/tphipTfYZV",0.631,0.165,0.835,0.0,26
@NYTimes,Mon Jun 18 23:17:03 +0000 2018,Former editors and reporters from The Denver Post are starting their own news outlet called The Colorado Sun https://t.co/afzbINrTB9,0.0,0.0,1.0,0.0,27
@NYTimes,Mon Jun 18 23:17:03 +0000 2018,"RT @joncaramanica: XXXTentacion, dead at 20
https://t.co/imhbhjxipx",-0.6486,0.0,0.583,0.417,28
@NYTimes,Mon Jun 18 23:02:07 +0000 2018,"Nina Simone's childhood home is now a National Treasure
https://t.co/xeXWpb7L7O",0.296,0.216,0.784,0.0,29
@NYTimes,Mon Jun 18 22:51:04 +0000 2018,Evening Briefing: Here's what you need to know at the end of the day https://t.co/KRtSaAZz1F,0.0,0.0,1.0,0.0,30
@NYTimes,Mon Jun 18 22:37:44 +0000 2018,"RT @nytimesmusic: XXXTentacion, rising rapper accused of violence, shot dead at 20 https://t.co/OkQ1nrn5m6 https://t.co/AaAHWoA3GR",-0.891,0.0,0.509,0.491,31
@NYTimes,Mon Jun 18 22:32:03 +0000 2018,"Today, the Supreme Court declined to decide 2 challenges to partisan gerrymandering. Track all the biggest decision‚Ä¶ https://t.co/1QVTN3hU8r",0.5994,0.246,0.754,0.0,32
@NYTimes,Mon Jun 18 22:11:25 +0000 2018,RT @FrancesRobles: El New York Times decidi√≥ no publicar las fotos distribuidas por el gobierno de los refugios en la frontera donde est√°n‚Ä¶,-0.296,0.0,0.909,0.091,33
@NYTimes,Mon Jun 18 22:11:03 +0000 2018,RT @FrancesRobles: The New York Times decided as a newsroom not to publish the government handout photos of the border shelters where migra‚Ä¶,0.0,0.0,1.0,0.0,34
@NYTimes,Mon Jun 18 22:02:07 +0000 2018,"Yayoi Kusama first presented ""Narcissus Garden"" at the 1966 Venice Biennale. On July 1, it comes to the Rockaways. https://t.co/sYFGTUsARX",0.0,0.0,1.0,0.0,35
@NYTimes,Mon Jun 18 21:47:07 +0000 2018,"RT @NYTNational: ""They just ran over me, bro"": A video shows a Border Patrol vehicle knocking over a Native American on a reservation in so‚Ä¶",0.0,0.0,1.0,0.0,36
@NYTimes,Mon Jun 18 21:32:04 +0000 2018,"The giant sequoias of Yosemite, a ‚Äúforest masterpiece,‚Äù are open for visitors again after a renovation to add walki‚Ä¶ https://t.co/kNDfId5C1w",0.0,0.0,1.0,0.0,37
@NYTimes,Mon Jun 18 21:17:03 +0000 2018,"Christo's latest work is a structure made from 7,506 barrels, floating in London's Hyde Park https://t.co/TQLSI1ZXKV",0.0,0.0,1.0,0.0,38
@NYTimes,Mon Jun 18 21:11:04 +0000 2018,"RT @peterbakernyt: Another first lady heard from: Rosalynn Carter releases statement saying ""The practice and policy today of removing chil‚Ä¶",0.0,0.0,1.0,0.0,39
@NYTimes,Mon Jun 18 21:02:06 +0000 2018,RT @jessemckinley: NEW: @HealthNYGov plans to recommend legalizing #marijuana in NY. https://t.co/A0sFRDCzKE,0.3612,0.185,0.815,0.0,40
@NYTimes,Mon Jun 18 20:45:04 +0000 2018,"The World Cup fans descended on Volgograd, Russia. Then the bugs descended on them. https://t.co/2ohfuwyfET",0.0,0.0,1.0,0.0,41
@NYTimes,Mon Jun 18 20:30:13 +0000 2018,"Peter Buttigieg, a rising star in the Democratic Party, once wondered: ‚ÄúHow does a sitting mayor in Indiana who‚Äôs g‚Ä¶ https://t.co/sYFl3mqLNu",0.4019,0.13,0.87,0.0,42
@NYTimes,Mon Jun 18 20:15:09 +0000 2018,"RT @nytimesmusic: Beyonc√© pioneered a brand of musical ambush on the widest of scales with her 2013 self-titled album. And Saturday, with J‚Ä¶",0.0,0.0,1.0,0.0,43
@NYTimes,Mon Jun 18 20:00:09 +0000 2018,‚ÄúIt‚Äôs like New York without the Chrysler Building. It‚Äôs like Paris without the Eiffel Tower. It‚Äôs like London witho‚Ä¶ https://t.co/QygyFyB1TR,0.7579,0.306,0.694,0.0,44
@NYTimes,Mon Jun 18 19:50:04 +0000 2018,"RT @nytopinion: .@StanGreenberg: Not only does Trump's base-oriented strategy get Democrats going, it hurts him with Republican moderates h‚Ä¶",-0.4767,0.0,0.853,0.147,45
@NYTimes,Mon Jun 18 19:40:03 +0000 2018,"Fact check: President Trump said ""crime in Germany is way up"" because of immigration. That statement is false. Crim‚Ä¶ https://t.co/qs4IcxPlFk",-0.5423,0.0,0.844,0.156,46
@NYTimes,Mon Jun 18 19:30:09 +0000 2018,How Apple‚Äôs Tim Cook became tech‚Äôs top diplomat https://t.co/VLGnjS8kpt https://t.co/Mg1T9OnSLt,0.2023,0.167,0.833,0.0,47
@NYTimes,Mon Jun 18 19:20:10 +0000 2018,New York‚Äôs health department will recommend legalizing marijuana. Gov. Andrew Cuomo had opposed the policy but now‚Ä¶ https://t.co/TGdbJbAEJ7,0.1901,0.093,0.907,0.0,48
@NYTimes,Mon Jun 18 19:10:06 +0000 2018,"RT @jazzedloon: i kept thinking: ""why hasn't there been a big @desusnice and @THEKIDMERO profile yet?"" so i wrote one, because the brand is‚Ä¶",0.0,0.0,1.0,0.0,49
@NYTimes,Mon Jun 18 19:01:07 +0000 2018,She is the first Latina and openly lesbian woman to be nominated for governor in Texas. Her first task? Winning ove‚Ä¶ https://t.co/0hnujuX5PZ,0.5267,0.139,0.861,0.0,50
@NYTimes,Mon Jun 18 18:54:13 +0000 2018,"For those of you waiting for a miscue from England, you got it. The game is tied.  
England: 1
Tunisia: 1
https://t.co/uzQ5cOYEO4",0.0,0.0,1.0,0.0,51
@NYTimes,Mon Jun 18 18:50:09 +0000 2018,‚ÄúWe‚Äôve seen more nonstate armed groups emerge in the last 7 years than in the previous 70 years‚Äù https://t.co/kjlrnTEHsq,0.0,0.0,1.0,0.0,52
@NYTimes,Mon Jun 18 18:41:03 +0000 2018,"England vs. Tunisia: The night might get worse before it gets better for Tunisia, as it's all one way traffic right‚Ä¶ https://t.co/Jb4GI9pXHB",-0.0516,0.112,0.769,0.119,53
@NYTimes,Mon Jun 18 18:30:03 +0000 2018,"RT @peterbakernyt: As he attacks Merkel's migration policies, Trump claims ""crime in Germany is way up."" In fact, crime rates in Germany ar‚Ä¶",-0.872,0.0,0.669,0.331,54
@NYTimes,Mon Jun 18 18:16:13 +0000 2018,"The Los Angeles Times named a new editor, Norman Pearlstine, a veteran journalist, as the paper‚Äôs new owner tries t‚Ä¶ https://t.co/GQkA2GPQ0e",0.0,0.0,1.0,0.0,55
@NYTimes,Mon Jun 18 18:10:03 +0000 2018,"RT @PekingMike: ‚ÄúFeminism terrifies authoritarians.‚Äù  @monaeltahawy and @LetaHong are both writing about this powerful truth. 
https://t.co‚Ä¶",0.2382,0.251,0.587,0.163,56
@NYTimes,Mon Jun 18 17:59:56 +0000 2018,"The England vs. Tunisia World Cup game is about to begin. But first, @sarahlyall needs to tell you about the bugs.‚Ä¶ https://t.co/QpESR8PTMZ",0.0,0.0,1.0,0.0,57
@NYTimes,Mon Jun 18 17:50:09 +0000 2018,The current system favors low-risk research and proposals by older scientists and white men https://t.co/lYSeebYcTT,0.25,0.125,0.875,0.0,58
@NYTimes,Mon Jun 18 17:40:06 +0000 2018,"RT @emmagf: Uber drivers like Pedro Acosta say they can‚Äôt make a living driving for the app. He made 4,400 trips for Uber last year and mad‚Ä¶",0.4173,0.1,0.9,0.0,59
@NYTimes,Mon Jun 18 17:30:07 +0000 2018,A sheriff‚Äôs deputy in Texas was charged with felony assault after being accused of repeatedly sexually assaulting a‚Ä¶ https://t.co/PL9k6NrtSC,-0.9274,0.0,0.471,0.529,60
@NYTimes,Mon Jun 18 17:20:05 +0000 2018,President Trump's efforts to boost once-iconic industries like coal mining and domestic steel manufacturing come at‚Ä¶ https://t.co/VVXqiH2DvV,0.6369,0.257,0.743,0.0,61
@NYTimes,Mon Jun 18 17:10:01 +0000 2018,"RT @nytgraphics: Today, the Supreme Court declined to decide two challenges to partisan gerrymandering. Track all the biggest decisions of‚Ä¶",0.5994,0.214,0.786,0.0,62
@NYTimes,Mon Jun 18 17:01:04 +0000 2018,"England‚Äôs World Cup team has a new coach and young players. Untainted by past failures, they‚Äôre entering the tourna‚Ä¶ https://t.co/PhutnHnTsh",-0.4588,0.0,0.857,0.143,63
@NYTimes,Mon Jun 18 16:50:08 +0000 2018,"‚ÄúI can‚Äôt go without my son.‚Äù The problem of separating immigrant families gets worse, as some parents are being dep‚Ä¶ https://t.co/oIO4Vr3UBG",-0.7003,0.0,0.766,0.234,64
@NYTimes,Mon Jun 18 16:40:05 +0000 2018,"RT @peterbakernyt: Among those condemning Trump administration practice of separating children at the border this weekend: Laura Bush, Anth‚Ä¶",0.0,0.0,1.0,0.0,65
@NYTimes,Mon Jun 18 16:30:11 +0000 2018,"Nearly 4 years after Amazon purchased Twitch, it‚Äôs becoming clear that Amazon didn‚Äôt just score an early advantage‚Ä¶ https://t.co/G16npCUT8F",0.6124,0.286,0.714,0.0,66
@NYTimes,Mon Jun 18 16:20:07 +0000 2018,He was offside! That should be a penalty kick! Does this guy even know the rules? https://t.co/ARJ4ezKvKZ,-0.555,0.0,0.807,0.193,67
@NYTimes,Mon Jun 18 16:10:05 +0000 2018,"While $50 billion sounds like a lot, that represents just 0.4% of the Chinese economy https://t.co/8oxZTX6jTu",0.3612,0.152,0.848,0.0,68
@NYTimes,Mon Jun 18 16:00:16 +0000 2018,"2 years ago, NASA dismissed and mocked an amateur who criticized a database of asteroid findings. Now Nathan Myhrvo‚Ä¶ https://t.co/BwdagmBlEJ",-0.5859,0.0,0.769,0.231,69
@NYTimes,Mon Jun 18 15:50:07 +0000 2018,"RT @EnnisNYT: Patrick Soon-Shiong takes over as owner of The LA Times today. In April, @tarangoNYT &amp; @melbournecoal talked to him about his‚Ä¶",0.0,0.0,1.0,0.0,70
@NYTimes,Mon Jun 18 15:40:04 +0000 2018,"‚ÄúSaudi Aramco has always carried the kingdom on its back. But to support the kingdom in the coming decades, it need‚Ä¶ https://t.co/qjC6kSNj7r",0.4019,0.114,0.886,0.0,71
@NYTimes,Mon Jun 18 15:30:11 +0000 2018,‚ÄúThe last thing you‚Äôd be thinking of when you saw her were her disabilities. The flamboyance was distracting.‚Äù https://t.co/JShE2jSa9i,0.0,0.0,1.0,0.0,72
@NYTimes,Mon Jun 18 15:20:08 +0000 2018,"RT @nytopinion: A dog loves a person the way people love each other only while in the grip of new love, writes @MargaretRenkl https://t.co/‚Ä¶",0.9201,0.389,0.611,0.0,73
@NYTimes,Mon Jun 18 15:10:02 +0000 2018,Public schools are closing and being replaced by religious schools. Tens of thousands of public teachers have been‚Ä¶ https://t.co/1idgWoxqkm,0.0,0.0,1.0,0.0,74
@NYTimes,Mon Jun 18 15:00:14 +0000 2018,"""The whole idea of, 'Here's an attraction, let's build a parking lot next to it' ‚Äî we're not doing that any more,""‚Ä¶ https://t.co/vL8GKEqebJ",0.4588,0.13,0.87,0.0,75
@NYTimes,Mon Jun 18 14:45:09 +0000 2018,"The Supreme Court rejected 2 challenges to partisan voting districts on technical grounds, a setback for opponents‚Ä¶ https://t.co/jLpHgOtROB",0.1531,0.231,0.613,0.156,76
@NYTimes,Mon Jun 18 14:30:13 +0000 2018,"""Gaming disorder"" is being recognized for the first time by the World Health Organization https://t.co/z5da1jsMeD",-0.4019,0.0,0.838,0.162,77
@NYTimes,Mon Jun 18 14:16:03 +0000 2018,"""Some of the women we have encountered in detention at the border have reported facing pressure to deport voluntari‚Ä¶ https://t.co/xbhVFB8yXm",-0.5719,0.0,0.793,0.207,78
@NYTimes,Mon Jun 18 14:00:07 +0000 2018,At least five people died on Sunday in South Texas after an SUV carrying a dozen unauthorized immigrants crashed wh‚Ä¶ https://t.co/nFNEnMNFP0,-0.5574,0.0,0.841,0.159,79
@NYTimes,Mon Jun 18 13:45:05 +0000 2018,RT @JackEwingNYT: Will Audi chief Rupert Stadler become the first auto executive to manage his division from jail?  https://t.co/kRDNgPLcA3,0.0,0.0,1.0,0.0,80
@NYTimes,Mon Jun 18 13:41:03 +0000 2018,"Breaking News: President Trump attacked Germany's immigration policies, falsely claiming crime was up there, and sa‚Ä¶ https://t.co/wUxO8Ea0gG",-0.7579,0.0,0.698,0.302,81
@NYTimes,Mon Jun 18 13:30:05 +0000 2018,"Andreas Granqvist put Sweden ahead of South Korea, 1-0, on a penalty kick after a video review. #SWEKOR live update‚Ä¶ https://t.co/JIoUAEg1Mc",-0.4588,0.0,0.857,0.143,82
@NYTimes,Mon Jun 18 13:13:03 +0000 2018,"RT @nytopinion: The barbaric policy of family separation is an outgrowth of Trump's own personal cruelty, writes @CharlesMBlow https://t.co‚Ä¶",-0.5994,0.0,0.822,0.178,83
@NYTimes,Mon Jun 18 13:00:11 +0000 2018,Morning¬†Briefing: Here's what you need to know to start your day https://t.co/UPLSLYSuwX https://t.co/KBsawx6osR,0.0,0.0,1.0,0.0,84
@NYTimes,Mon Jun 18 12:51:03 +0000 2018,"""I saw the ceiling and the floor undulating, and I could barely stand,"" said a man who was at a train station when‚Ä¶ https://t.co/c3pRPAtXy6",0.0,0.0,1.0,0.0,85
@NYTimes,Mon Jun 18 12:40:05 +0000 2018,"The fact that Germany has lost a game is not a disaster. The manner in which it came about, though, is most certain‚Ä¶ https://t.co/WLxFR4G3xw",0.2486,0.129,0.781,0.09,86
@NYTimes,Mon Jun 18 12:30:10 +0000 2018,"""The thought that any state would seek to deter parents by inflicting such abuse on children is unconscionable,"" sa‚Ä¶ https://t.co/Rv3VlCsGy8",-0.6369,0.0,0.819,0.181,87
@NYTimes,Mon Jun 18 12:21:06 +0000 2018,"In 2015, Bavarians turned out in droves to welcome the refugees with gifts of food and clothing at bus and train st‚Ä¶ https://t.co/dHWGY9w6en",0.4588,0.12,0.88,0.0,88
@NYTimes,Mon Jun 18 12:15:03 +0000 2018,"South Korea and Sweden are in a challenging group with Mexico and Germany, so both will be eager for three points.‚Ä¶ https://t.co/JM7j6CLSYL",0.4767,0.177,0.823,0.0,89
@NYTimes,Mon Jun 18 12:11:03 +0000 2018,Officials said there had been threats of violence before the shooting at a festival in New Jersey. Trenton's mayor-‚Ä¶ https://t.co/Q9DE4ftoA2,-0.5719,0.123,0.613,0.264,90
@NYTimes,Mon Jun 18 12:00:13 +0000 2018,"Your daily @DealBook Briefing:

‚Ä¢ CEOs think Kim played Trump.¬†

‚Ä¢ Trade fights are taking their toll on business.‚Ä¶ https://t.co/cgvneDNDfc",-0.0772,0.114,0.758,0.128,91
@NYTimes,Mon Jun 18 11:42:50 +0000 2018,"""I just want to run naturally, the way I was born."" Caster Semenya is trying to block a rule that seeks to limit th‚Ä¶ https://t.co/U1F0txD1W5",-0.3818,0.052,0.833,0.115,92
@NYTimes,Mon Jun 18 11:30:06 +0000 2018,"""It is immoral. And it breaks my heart,"" Laura Bush wrote in The Washington Post. Leading Republicans joined Democr‚Ä¶ https://t.co/HCmIOg46Xl",-0.4588,0.0,0.864,0.136,93
@NYTimes,Mon Jun 18 11:20:04 +0000 2018,"""I'll have my toothbrush, and the book, sketch pad, small bottles of ink and steel pens and pencils. I might leave‚Ä¶ https://t.co/MwPkHKepBb",0.0,0.0,1.0,0.0,94
@NYTimes,Mon Jun 18 11:14:05 +0000 2018,"For a year and a half, President Trump has threatened to crack down on leaks and leakers.
The seizure of emails and‚Ä¶ https://t.co/kINVpvkfdQ",-0.4588,0.0,0.87,0.13,95
@NYTimes,Mon Jun 18 11:00:04 +0000 2018,"""Quoting a racist dictator bent on genocide or his minister of propaganda has no place in our school or our communi‚Ä¶ https://t.co/IDjikgUJmN",-0.802,0.0,0.687,0.313,96
@NYTimes,Mon Jun 18 10:46:06 +0000 2018,RT @RorySmith: There‚Äôs something different about this England. Everyone seems...happy. I went to ask @dele_official why that might be. Turn‚Ä¶,0.0,0.0,1.0,0.0,97
@NYTimes,Mon Jun 18 10:30:04 +0000 2018,Morning¬†Briefing: Here's what you need to know to start your day https://t.co/ixcjtLy0DG https://t.co/q6rSTACvOh,0.0,0.0,1.0,0.0,98
@NYTimes,Mon Jun 18 10:20:11 +0000 2018,Did Mexico's celebration after the World Cup win over Germany cause an earthquake? https://t.co/Oua3fKTWI3 https://t.co/2Dlkf6OCWm,0.5859,0.213,0.787,0.0,99
